FEN,Nodes,Evaluation (centipawns),PV First Move
bbqnnrkr/pppppppp/8/8/8/8/PPPPPPPP/BBQNNRKR w KQkq - 0 1,7146580,+16,c2c4
bqnbnrkr/pppppppp/8/8/8/8/PPPPPPPP/BQNBNRKR w KQkq - 0 1,4809731,+23,h2h4
bqnnrbkr/pppppppp/8/8/8/8/PPPPPPPP/BQNNRBKR w KQkq - 0 1,7820556,+25,h2h4
bqnnrkrb/pppppppp/8/8/8/8/PPPPPPPP/BQNNRKRB w KQkq - 0 1,6031056,+22,g2g3
qbbnnrkr/pppppppp/8/8/8/8/PPPPPPPP/QBBNNRKR w KQkq - 0 1,7565607,+39,h2h4
qnbbnrkr/pppppppp/8/8/8/8/PPPPPPPP/QNBBNRKR w KQkq - 0 1,5866606,+34,d2d4
qnbnrbkr/pppppppp/8/8/8/8/PPPPPPPP/QNBNRBKR w KQkq - 0 1,8177865,+31,d2d4
qnbnrkrb/pppppppp/8/8/8/8/PPPPPPPP/QNBNRKRB w KQkq - 0 1,12088924,+26,b2b3
qbnnbrkr/pppppppp/8/8/8/8/PPPPPPPP/QBNNBRKR w KQkq - 0 1,8819112,+26,h2h4
qnnbbrkr/pppppppp/8/8/8/8/PPPPPPPP/QNNBBRKR w KQkq - 0 1,11706947,+30,h2h4
qnnrbbkr/pppppppp/8/8/8/8/PPPPPPPP/QNNRBBKR w KQkq - 0 1,9338047,+42,c2c4
qnnrbkrb/pppppppp/8/8/8/8/PPPPPPPP/QNNRBKRB w KQkq - 0 1,8699381,+37,c2c4
qbnnrkbr/pppppppp/8/8/8/8/PPPPPPPP/QBNNRKBR w KQkq - 0 1,6619170,+21,f2f3
qnnbrkbr/pppppppp/8/8/8/8/PPPPPPPP/QNNBRKBR w KQkq - 0 1,3947872,+23,f2f4
qnnrkbbr/pppppppp/8/8/8/8/PPPPPPPP/QNNRKBBR w KQkq - 0 1,14204990,+17,d2d4
qnnrkrbb/pppppppp/8/8/8/8/PPPPPPPP/QNNRKRBB w KQkq - 0 1,12078054,+33,b2b3
bbnqnrkr/pppppppp/8/8/8/8/PPPPPPPP/BBNQNRKR w KQkq - 0 1,5652860,+34,h2h4
bnqbnrkr/pppppppp/8/8/8/8/PPPPPPPP/BNQBNRKR w KQkq - 0 1,5494297,+16,b2b4
bnqnrbkr/pppppppp/8/8/8/8/PPPPPPPP/BNQNRBKR w KQkq - 0 1,16623261,+54,d2d4
bnqnrkrb/pppppppp/8/8/8/8/PPPPPPPP/BNQNRKRB w KQkq - 0 1,11848727,+23,b2b4
nbbqnrkr/pppppppp/8/8/8/8/PPPPPPPP/NBBQNRKR w KQkq - 0 1,10452830,+52,d2d4
nqbbnrkr/pppppppp/8/8/8/8/PPPPPPPP/NQBBNRKR w KQkq - 0 1,5482060,+22,c2c4
nqbnrbkr/pppppppp/8/8/8/8/PPPPPPPP/NQBNRBKR w KQkq - 0 1,5440507,+44,d2d4
nqbnrkrb/pppppppp/8/8/8/8/PPPPPPPP/NQBNRKRB w KQkq - 0 1,13717208,+25,g2g3
nbqnbrkr/pppppppp/8/8/8/8/PPPPPPPP/NBQNBRKR w KQkq - 0 1,11801064,+60,d2d4
nqnbbrkr/pppppppp/8/8/8/8/PPPPPPPP/NQNBBRKR w KQkq - 0 1,7006052,+32,c2c4
nqnrbbkr/pppppppp/8/8/8/8/PPPPPPPP/NQNRBBKR w KQkq - 0 1,10302421,+47,c2c4
nqnrbkrb/pppppppp/8/8/8/8/PPPPPPPP/NQNRBKRB w KQkq - 0 1,6388767,+29,c2c4
nbqnrkbr/pppppppp/8/8/8/8/PPPPPPPP/NBQNRKBR w KQkq - 0 1,12575783,+23,d2d4
nqnbrkbr/pppppppp/8/8/8/8/PPPPPPPP/NQNBRKBR w KQkq - 0 1,12935426,+6,e2e4
nqnrkbbr/pppppppp/8/8/8/8/PPPPPPPP/NQNRKBBR w KQkq - 0 1,3194567,+21,f2f3
nqnrkrbb/pppppppp/8/8/8/8/PPPPPPPP/NQNRKRBB w KQkq - 0 1,14384939,+40,e2e4
bbnnqrkr/pppppppp/8/8/8/8/PPPPPPPP/BBNNQRKR w KQkq - 0 1,9467872,+45,h2h4
bnnbqrkr/pppppppp/8/8/8/8/PPPPPPPP/BNNBQRKR w KQkq - 0 1,4373361,+37,h2h4
bnnqrbkr/pppppppp/8/8/8/8/PPPPPPPP/BNNQRBKR w KQkq - 0 1,14153602,+14,e2e4
bnnqrkrb/pppppppp/8/8/8/8/PPPPPPPP/BNNQRKRB w KQkq - 0 1,6058863,+31,g2g3
nbbnqrkr/pppppppp/8/8/8/8/PPPPPPPP/NBBNQRKR w KQkq - 0 1,9223564,+36,e2e4
nnbbqrkr/pppppppp/8/8/8/8/PPPPPPPP/NNBBQRKR w KQkq - 0 1,12913568,+25,e2e4
nnbqrbkr/pppppppp/8/8/8/8/PPPPPPPP/NNBQRBKR w KQkq - 0 1,5703410,+25,c2c4
nnbqrkrb/pppppppp/8/8/8/8/PPPPPPPP/NNBQRKRB w KQkq - 0 1,8415649,+15,e2e4
nbnqbrkr/pppppppp/8/8/8/8/PPPPPPPP/NBNQBRKR w KQkq - 0 1,13464376,+21,c2c4
nnqbbrkr/pppppppp/8/8/8/8/PPPPPPPP/NNQBBRKR w KQkq - 0 1,6971707,+28,d2d4
nnqrbbkr/pppppppp/8/8/8/8/PPPPPPPP/NNQRBBKR w KQkq - 0 1,7820585,+24,c2c4
nnqrbkrb/pppppppp/8/8/8/8/PPPPPPPP/NNQRBKRB w KQkq - 0 1,7374802,+11,d2d4
nbnqrkbr/pppppppp/8/8/8/8/PPPPPPPP/NBNQRKBR w KQkq - 0 1,3804500,+14,f2f3
nnqbrkbr/pppppppp/8/8/8/8/PPPPPPPP/NNQBRKBR w KQkq - 0 1,10031743,+32,e2e4
nnqrkbbr/pppppppp/8/8/8/8/PPPPPPPP/NNQRKBBR w KQkq - 0 1,10415405,+35,e2e4
nnqrkrbb/pppppppp/8/8/8/8/PPPPPPPP/NNQRKRBB w KQkq - 0 1,9886468,+19,f2f4
bbnnrqkr/pppppppp/8/8/8/8/PPPPPPPP/BBNNRQKR w KQkq - 0 1,10342813,+47,h2h4
bnnbrqkr/pppppppp/8/8/8/8/PPPPPPPP/BNNBRQKR w KQkq - 0 1,13809772,+23,h2h4
bnnrqbkr/pppppppp/8/8/8/8/PPPPPPPP/BNNRQBKR w KQkq - 0 1,11953594,+51,e2e4
bnnrqkrb/pppppppp/8/8/8/8/PPPPPPPP/BNNRQKRB w KQkq - 0 1,8833532,+23,c2c4
nbbnrqkr/pppppppp/8/8/8/8/PPPPPPPP/NBBNRQKR w KQkq - 0 1,17222349,+12,e2e4
nnbbrqkr/pppppppp/8/8/8/8/PPPPPPPP/NNBBRQKR w KQkq - 0 1,8305146,+32,e2e4
nnbrqbkr/pppppppp/8/8/8/8/PPPPPPPP/NNBRQBKR w KQkq - 0 1,14903373,+20,d2d4
nnbrqkrb/pppppppp/8/8/8/8/PPPPPPPP/NNBRQKRB w KQkq - 0 1,10017171,+42,c2c4
nbnrbqkr/pppppppp/8/8/8/8/PPPPPPPP/NBNRBQKR w KQkq - 0 1,8539934,+30,c2c4
nnrbbqkr/pppppppp/8/8/8/8/PPPPPPPP/NNRBBQKR w KQkq - 0 1,7684302,+27,d2d4
nnrqbbkr/pppppppp/8/8/8/8/PPPPPPPP/NNRQBBKR w KQkq - 0 1,9527627,+29,d2d4
nnrqbkrb/pppppppp/8/8/8/8/PPPPPPPP/NNRQBKRB w KQkq - 0 1,8401475,+22,d2d4
nbnrqkbr/pppppppp/8/8/8/8/PPPPPPPP/NBNRQKBR w KQkq - 0 1,4415715,+26,f2f3
nnrbqkbr/pppppppp/8/8/8/8/PPPPPPPP/NNRBQKBR w KQkq - 0 1,10303766,+31,e2e4
nnrqkbbr/pppppppp/8/8/8/8/PPPPPPPP/NNRQKBBR w KQkq - 0 1,17410264,+43,e2e4
nnrqkrbb/pppppppp/8/8/8/8/PPPPPPPP/NNRQKRBB w KQkq - 0 1,13219611,+29,f2f4
bbnnrkqr/pppppppp/8/8/8/8/PPPPPPPP/BBNNRKQR w KQkq - 0 1,16448030,+31,f2f4
bnnbrkqr/pppppppp/8/8/8/8/PPPPPPPP/BNNBRKQR w KQkq - 0 1,6576787,+34,e2e4
bnnrkbqr/pppppppp/8/8/8/8/PPPPPPPP/BNNRKBQR w KQkq - 0 1,7005720,+18,b2b3
bnnrkqrb/pppppppp/8/8/8/8/PPPPPPPP/BNNRKQRB w KQkq - 0 1,5279867,+31,g2g3
nbbnrkqr/pppppppp/8/8/8/8/PPPPPPPP/NBBNRKQR w KQkq - 0 1,5868201,+22,f2f4
nnbbrkqr/pppppppp/8/8/8/8/PPPPPPPP/NNBBRKQR w KQkq - 0 1,16266265,+18,f2f4
nnbrkbqr/pppppppp/8/8/8/8/PPPPPPPP/NNBRKBQR w KQkq - 0 1,10855355,+43,d2d4
nnbrkqrb/pppppppp/8/8/8/8/PPPPPPPP/NNBRKQRB w KQkq - 0 1,17098871,+35,g2g4
nbnrbkqr/pppppppp/8/8/8/8/PPPPPPPP/NBNRBKQR w KQkq - 0 1,8475811,+35,f2f3
nnrbbkqr/pppppppp/8/8/8/8/PPPPPPPP/NNRBBKQR w KQkq - 0 1,19985693,+22,b2b4
nnrkbbqr/pppppppp/8/8/8/8/PPPPPPPP/NNRKBBQR w KQkq - 0 1,4300189,+34,d1c1
nnrkbqrb/pppppppp/8/8/8/8/PPPPPPPP/NNRKBQRB w KQkq - 0 1,7937417,+39,g2g4
nbnrkqbr/pppppppp/8/8/8/8/PPPPPPPP/NBNRKQBR w KQkq - 0 1,14222635,+27,e2e4
nnrbkqbr/pppppppp/8/8/8/8/PPPPPPPP/NNRBKQBR w KQkq - 0 1,9603356,+23,f2f4
nnrkqbbr/pppppppp/8/8/8/8/PPPPPPPP/NNRKQBBR w KQkq - 0 1,16416172,+26,f2f3
nnrkqrbb/pppppppp/8/8/8/8/PPPPPPPP/NNRKQRBB w KQkq - 0 1,8057188,+34,g2g4
bbnnrkrq/pppppppp/8/8/8/8/PPPPPPPP/BBNNRKRQ w KQkq - 0 1,16449799,+57,g2g3
bnnbrkrq/pppppppp/8/8/8/8/PPPPPPPP/BNNBRKRQ w KQkq - 0 1,12525931,+46,g2g4
bnnrkbrq/pppppppp/8/8/8/8/PPPPPPPP/BNNRKBRQ w KQkq - 0 1,18703580,+32,g2g3
bnnrkrqb/pppppppp/8/8/8/8/PPPPPPPP/BNNRKRQB w KQkq - 0 1,12166085,+22,g2g4
nbbnrkrq/pppppppp/8/8/8/8/PPPPPPPP/NBBNRKRQ w KQkq - 0 1,10667649,+24,d2d4
nnbbrkrq/pppppppp/8/8/8/8/PPPPPPPP/NNBBRKRQ w KQkq - 0 1,4234742,+12,h2h4
nnbrkbrq/pppppppp/8/8/8/8/PPPPPPPP/NNBRKBRQ w KQkq - 0 1,15353226,+36,d2d4
nnbrkrqb/pppppppp/8/8/8/8/PPPPPPPP/NNBRKRQB w KQkq - 0 1,14819450,+26,b1c3
nbnrbkrq/pppppppp/8/8/8/8/PPPPPPPP/NBNRBKRQ w KQkq - 0 1,6111972,+23,d2d4
nnrbbkrq/pppppppp/8/8/8/8/PPPPPPPP/NNRBBKRQ w KQkq - 0 1,20768756,+22,d2d4
nnrkbbrq/pppppppp/8/8/8/8/PPPPPPPP/NNRKBBRQ w KQkq - 0 1,5841658,+29,d1c1
nnrkbrqb/pppppppp/8/8/8/8/PPPPPPPP/NNRKBRQB w KQkq - 0 1,6582404,+28,g2g4
nbnrkrbq/pppppppp/8/8/8/8/PPPPPPPP/NBNRKRBQ w KQkq - 0 1,8558429,+13,c2c3
nnrbkrbq/pppppppp/8/8/8/8/PPPPPPPP/NNRBKRBQ w KQkq - 0 1,11928002,+56,f2f4
nnrkrbbq/pppppppp/8/8/8/8/PPPPPPPP/NNRKRBBQ w KQkq - 0 1,11242123,+23,f2f4
nnrkrqbb/pppppppp/8/8/8/8/PPPPPPPP/NNRKRQBB w KQkq - 0 1,10453951,+36,f2f4
bbqnrnkr/pppppppp/8/8/8/8/PPPPPPPP/BBQNRNKR w KQkq - 0 1,11084078,+27,b2b4
bqnbrnkr/pppppppp/8/8/8/8/PPPPPPPP/BQNBRNKR w KQkq - 0 1,12921066,+28,c2c4
bqnrnbkr/pppppppp/8/8/8/8/PPPPPPPP/BQNRNBKR w KQkq - 0 1,8831986,+24,h2h4
bqnrnkrb/pppppppp/8/8/8/8/PPPPPPPP/BQNRNKRB w KQkq - 0 1,8452574,+17,c2c4
qbbnrnkr/pppppppp/8/8/8/8/PPPPPPPP/QBBNRNKR w KQkq - 0 1,5050546,+38,h2h4
qnbbrnkr/pppppppp/8/8/8/8/PPPPPPPP/QNBBRNKR w KQkq - 0 1,5116223,+38,d2d4
qnbrnbkr/pppppppp/8/8/8/8/PPPPPPPP/QNBRNBKR w KQkq - 0 1,6848404,+31,c2c4
qnbrnkrb/pppppppp/8/8/8/8/PPPPPPPP/QNBRNKRB w KQkq - 0 1,11418989,+31,c2c4
qbnrbnkr/pppppppp/8/8/8/8/PPPPPPPP/QBNRBNKR w KQkq - 0 1,6784687,+37,h2h4
qnrbbnkr/pppppppp/8/8/8/8/PPPPPPPP/QNRBBNKR w KQkq - 0 1,11122631,+36,d2d4
qnrnbbkr/pppppppp/8/8/8/8/PPPPPPPP/QNRNBBKR w KQkq - 0 1,7164030,+28,h2h4
qnrnbkrb/pppppppp/8/8/8/8/PPPPPPPP/QNRNBKRB w KQkq - 0 1,7199391,+50,d2d4
qbnrnkbr/pppppppp/8/8/8/8/PPPPPPPP/QBNRNKBR w KQkq - 0 1,6492597,+13,f2f3
qnrbnkbr/pppppppp/8/8/8/8/PPPPPPPP/QNRBNKBR w KQkq - 0 1,8418916,+4,c2c4
qnrnkbbr/pppppppp/8/8/8/8/PPPPPPPP/QNRNKBBR w KQkq - 0 1,7591429,+32,e2e4
qnrnkrbb/pppppppp/8/8/8/8/PPPPPPPP/QNRNKRBB w KQkq - 0 1,9685335,+56,b2b4
bbnqrnkr/pppppppp/8/8/8/8/PPPPPPPP/BBNQRNKR w KQkq - 0 1,9544193,+37,h2h4
bnqbrnkr/pppppppp/8/8/8/8/PPPPPPPP/BNQBRNKR w KQkq - 0 1,20867170,+33,c2c4
bnqrnbkr/pppppppp/8/8/8/8/PPPPPPPP/BNQRNBKR w KQkq - 0 1,10202979,+22,d2d4
bnqrnkrb/pppppppp/8/8/8/8/PPPPPPPP/BNQRNKRB w KQkq - 0 1,11620128,+20,c2c4
nbbqrnkr/pppppppp/8/8/8/8/PPPPPPPP/NBBQRNKR w KQkq - 0 1,4857429,+31,e2e4
nqbbrnkr/pppppppp/8/8/8/8/PPPPPPPP/NQBBRNKR w KQkq - 0 1,8344055,+32,c2c3
nqbrnbkr/pppppppp/8/8/8/8/PPPPPPPP/NQBRNBKR w KQkq - 0 1,14536588,+25,e2e4
nqbrnkrb/pppppppp/8/8/8/8/PPPPPPPP/NQBRNKRB w KQkq - 0 1,5060076,+8,c2c4
nbqrbnkr/pppppppp/8/8/8/8/PPPPPPPP/NBQRBNKR w KQkq - 0 1,19190596,+41,c2c4
nqrbbnkr/pppppppp/8/8/8/8/PPPPPPPP/NQRBBNKR w KQkq - 0 1,11000111,+21,b2b4
nqrnbbkr/pppppppp/8/8/8/8/PPPPPPPP/NQRNBBKR w KQkq - 0 1,12697759,+25,d2d4
nqrnbkrb/pppppppp/8/8/8/8/PPPPPPPP/NQRNBKRB w KQkq - 0 1,18136456,+22,c2c4
nbqrnkbr/pppppppp/8/8/8/8/PPPPPPPP/NBQRNKBR w KQkq - 0 1,12683059,+20,d2d4
nqrbnkbr/pppppppp/8/8/8/8/PPPPPPPP/NQRBNKBR w KQkq - 0 1,10083346,+18,b2b4
nqrnkbbr/pppppppp/8/8/8/8/PPPPPPPP/NQRNKBBR w KQkq - 0 1,8963324,+27,c2c4
nqrnkrbb/pppppppp/8/8/8/8/PPPPPPPP/NQRNKRBB w KQkq - 0 1,10195101,+17,f2f4
bbnrqnkr/pppppppp/8/8/8/8/PPPPPPPP/BBNRQNKR w KQkq - 0 1,6284876,+37,c2c4
bnrbqnkr/pppppppp/8/8/8/8/PPPPPPPP/BNRBQNKR w KQkq - 0 1,14672387,+21,h2h4
bnrqnbkr/pppppppp/8/8/8/8/PPPPPPPP/BNRQNBKR w KQkq - 0 1,10445457,+25,e2e3
bnrqnkrb/pppppppp/8/8/8/8/PPPPPPPP/BNRQNKRB w KQkq - 0 1,4653023,+16,c2c4
nbbrqnkr/pppppppp/8/8/8/8/PPPPPPPP/NBBRQNKR w KQkq - 0 1,10684322,+23,e2e4
nrbbqnkr/pppppppp/8/8/8/8/PPPPPPPP/NRBBQNKR w KQkq - 0 1,7105258,+23,e2e4
nrbqnbkr/pppppppp/8/8/8/8/PPPPPPPP/NRBQNBKR w KQkq - 0 1,6795924,+29,e2e4
nrbqnkrb/pppppppp/8/8/8/8/PPPPPPPP/NRBQNKRB w KQkq - 0 1,6806276,+15,f1g1
nbrqbnkr/pppppppp/8/8/8/8/PPPPPPPP/NBRQBNKR w KQkq - 0 1,7744936,+29,c2c4
nrqbbnkr/pppppppp/8/8/8/8/PPPPPPPP/NRQBBNKR w KQkq - 0 1,11997029,+22,e2e4
nrqnbbkr/pppppppp/8/8/8/8/PPPPPPPP/NRQNBBKR w KQkq - 0 1,9346597,+30,d2d4
nrqnbkrb/pppppppp/8/8/8/8/PPPPPPPP/NRQNBKRB w KQkq - 0 1,7965919,+28,d2d3
nbrqnkbr/pppppppp/8/8/8/8/PPPPPPPP/NBRQNKBR w KQkq - 0 1,9078760,+26,d2d4
nrqbnkbr/pppppppp/8/8/8/8/PPPPPPPP/NRQBNKBR w KQkq - 0 1,7222442,+28,f2f4
nrqnkbbr/pppppppp/8/8/8/8/PPPPPPPP/NRQNKBBR w KQkq - 0 1,5194329,+40,f2f3
nrqnkrbb/pppppppp/8/8/8/8/PPPPPPPP/NRQNKRBB w KQkq - 0 1,8027406,+27,f2f4
bbnrnqkr/pppppppp/8/8/8/8/PPPPPPPP/BBNRNQKR w KQkq - 0 1,11212139,+50,d2d4
bnrbnqkr/pppppppp/8/8/8/8/PPPPPPPP/BNRBNQKR w KQkq - 0 1,6190498,+29,c2c4
bnrnqbkr/pppppppp/8/8/8/8/PPPPPPPP/BNRNQBKR w KQkq - 0 1,5780420,+49,d2d4
bnrnqkrb/pppppppp/8/8/8/8/PPPPPPPP/BNRNQKRB w KQkq - 0 1,11562581,+43,g2g4
nbbrnqkr/pppppppp/8/8/8/8/PPPPPPPP/NBBRNQKR w KQkq - 0 1,12831372,+34,e2e4
nrbbnqkr/pppppppp/8/8/8/8/PPPPPPPP/NRBBNQKR w KQkq - 0 1,5279588,+30,d2d4
nrbnqbkr/pppppppp/8/8/8/8/PPPPPPPP/NRBNQBKR w KQkq - 0 1,10444087,+23,e2e4
nrbnqkrb/pppppppp/8/8/8/8/PPPPPPPP/NRBNQKRB w KQkq - 0 1,9069857,+21,f2f4
nbrnbqkr/pppppppp/8/8/8/8/PPPPPPPP/NBRNBQKR w KQkq - 0 1,18102916,+23,c2c4
nrnbbqkr/pppppppp/8/8/8/8/PPPPPPPP/NRNBBQKR w KQkq - 0 1,8632681,+35,e2e4
nrnqbbkr/pppppppp/8/8/8/8/PPPPPPPP/NRNQBBKR w KQkq - 0 1,5972782,+15,e2e4
nrnqbkrb/pppppppp/8/8/8/8/PPPPPPPP/NRNQBKRB w KQkq - 0 1,8903326,+19,c2c4
nbrnqkbr/pppppppp/8/8/8/8/PPPPPPPP/NBRNQKBR w KQkq - 0 1,10086130,+24,d2d4
nrnbqkbr/pppppppp/8/8/8/8/PPPPPPPP/NRNBQKBR w KQkq - 0 1,4631437,+19,e2e4
nrnqkbbr/pppppppp/8/8/8/8/PPPPPPPP/NRNQKBBR w KQkq - 0 1,10079915,+43,e2e4
nrnqkrbb/pppppppp/8/8/8/8/PPPPPPPP/NRNQKRBB w KQkq - 0 1,13225311,+47,e2e4
bbnrnkqr/pppppppp/8/8/8/8/PPPPPPPP/BBNRNKQR w KQkq - 0 1,6005711,+35,b2b3
bnrbnkqr/pppppppp/8/8/8/8/PPPPPPPP/BNRBNKQR w KQkq - 0 1,6580822,+26,f2f4
bnrnkbqr/pppppppp/8/8/8/8/PPPPPPPP/BNRNKBQR w KQkq - 0 1,7921671,+27,f2f3
bnrnkqrb/pppppppp/8/8/8/8/PPPPPPPP/BNRNKQRB w KQkq - 0 1,6546665,+23,g2g4
nbbrnkqr/pppppppp/8/8/8/8/PPPPPPPP/NBBRNKQR w KQkq - 0 1,9361371,+16,d2d4
nrbbnkqr/pppppppp/8/8/8/8/PPPPPPPP/NRBBNKQR w KQkq - 0 1,13544332,+59,c2c4
nrbnkbqr/pppppppp/8/8/8/8/PPPPPPPP/NRBNKBQR w KQkq - 0 1,10785957,+44,a1b3
nrbnkqrb/pppppppp/8/8/8/8/PPPPPPPP/NRBNKQRB w KQkq - 0 1,5159528,+18,f2f4
nbrnbkqr/pppppppp/8/8/8/8/PPPPPPPP/NBRNBKQR w KQkq - 0 1,8219940,+23,d2d4
nrnbbkqr/pppppppp/8/8/8/8/PPPPPPPP/NRNBBKQR w KQkq - 0 1,8552040,+34,c2c4
nrnkbbqr/pppppppp/8/8/8/8/PPPPPPPP/NRNKBBQR w KQkq - 0 1,10286465,+26,e2e4
nrnkbqrb/pppppppp/8/8/8/8/PPPPPPPP/NRNKBQRB w KQkq - 0 1,7655882,+20,d2d4
nbrnkqbr/pppppppp/8/8/8/8/PPPPPPPP/NBRNKQBR w KQkq - 0 1,11560113,+23,e2e4
nrnbkqbr/pppppppp/8/8/8/8/PPPPPPPP/NRNBKQBR w KQkq - 0 1,13696327,+39,e2e4
nrnkqbbr/pppppppp/8/8/8/8/PPPPPPPP/NRNKQBBR w KQkq - 0 1,9122003,+26,f2f3
nrnkqrbb/pppppppp/8/8/8/8/PPPPPPPP/NRNKQRBB w KQkq - 0 1,6503180,+44,g2g4
bbnrnkrq/pppppppp/8/8/8/8/PPPPPPPP/BBNRNKRQ w KQkq - 0 1,12226807,+40,g2g4
bnrbnkrq/pppppppp/8/8/8/8/PPPPPPPP/BNRBNKRQ w KQkq - 0 1,6390708,+58,g2g4
bnrnkbrq/pppppppp/8/8/8/8/PPPPPPPP/BNRNKBRQ w KQkq - 0 1,13495506,+31,g2g4
bnrnkrqb/pppppppp/8/8/8/8/PPPPPPPP/BNRNKRQB w KQkq - 0 1,13479163,+20,g2g4
nbbrnkrq/pppppppp/8/8/8/8/PPPPPPPP/NBBRNKRQ w KQkq - 0 1,4105841,+20,d2d4
nrbbnkrq/pppppppp/8/8/8/8/PPPPPPPP/NRBBNKRQ w KQkq - 0 1,8931526,+30,h2h4
nrbnkbrq/pppppppp/8/8/8/8/PPPPPPPP/NRBNKBRQ w KQkq - 0 1,14371975,+42,a1b3
nrbnkrqb/pppppppp/8/8/8/8/PPPPPPPP/NRBNKRQB w KQkq - 0 1,11808305,+20,f2f4
nbrnbkrq/pppppppp/8/8/8/8/PPPPPPPP/NBRNBKRQ w KQkq - 0 1,7289265,+42,c2c4
nrnbbkrq/pppppppp/8/8/8/8/PPPPPPPP/NRNBBKRQ w KQkq - 0 1,12229915,+36,h2h4
nrnkbbrq/pppppppp/8/8/8/8/PPPPPPPP/NRNKBBRQ w KQkq - 0 1,16380229,+37,g2g4
nrnkbrqb/pppppppp/8/8/8/8/PPPPPPPP/NRNKBRQB w KQkq - 0 1,11179048,+28,f2f4
nbrnkrbq/pppppppp/8/8/8/8/PPPPPPPP/NBRNKRBQ w KQkq - 0 1,11460137,+42,f2f4
nrnbkrbq/pppppppp/8/8/8/8/PPPPPPPP/NRNBKRBQ w KQkq - 0 1,11808790,+29,e2e4
nrnkrbbq/pppppppp/8/8/8/8/PPPPPPPP/NRNKRBBQ w KQkq - 0 1,13458754,+34,e2e4
nrnkrqbb/pppppppp/8/8/8/8/PPPPPPPP/NRNKRQBB w KQkq - 0 1,6451803,+46,e2e4
bbqnrknr/pppppppp/8/8/8/8/PPPPPPPP/BBQNRKNR w KQkq - 0 1,9395363,+21,b2b4
bqnbrknr/pppppppp/8/8/8/8/PPPPPPPP/BQNBRKNR w KQkq - 0 1,18298569,+45,c2c4
bqnrkbnr/pppppppp/8/8/8/8/PPPPPPPP/BQNRKBNR w KQkq - 0 1,5538457,+6,c2c4
bqnrknrb/pppppppp/8/8/8/8/PPPPPPPP/BQNRKNRB w KQkq - 0 1,12858989,+23,b2b4
qbbnrknr/pppppppp/8/8/8/8/PPPPPPPP/QBBNRKNR w KQkq - 0 1,10510671,+25,c2c4
qnbbrknr/pppppppp/8/8/8/8/PPPPPPPP/QNBBRKNR w KQkq - 0 1,8575189,+19,d2d4
qnbrkbnr/pppppppp/8/8/8/8/PPPPPPPP/QNBRKBNR w KQkq - 0 1,7615871,+11,b2b3
qnbrknrb/pppppppp/8/8/8/8/PPPPPPPP/QNBRKNRB w KQkq - 0 1,10377843,+36,c2c4
qbnrbknr/pppppppp/8/8/8/8/PPPPPPPP/QBNRBKNR w KQkq - 0 1,14202486,+39,c2c4
qnrbbknr/pppppppp/8/8/8/8/PPPPPPPP/QNRBBKNR w KQkq - 0 1,5587763,+16,d2d4
qnrkbbnr/pppppppp/8/8/8/8/PPPPPPPP/QNRKBBNR w KQkq - 0 1,10136607,+30,d2d3
qnrkbnrb/pppppppp/8/8/8/8/PPPPPPPP/QNRKBNRB w KQkq - 0 1,9180985,+36,g2g3
qbnrknbr/pppppppp/8/8/8/8/PPPPPPPP/QBNRKNBR w KQkq - 0 1,5951746,+11,d2d4
qnrbknbr/pppppppp/8/8/8/8/PPPPPPPP/QNRBKNBR w KQkq - 0 1,14213451,+24,f1e3
qnrknbbr/pppppppp/8/8/8/8/PPPPPPPP/QNRKNBBR w KQkq - 0 1,19539173,+21,c2c4
qnrknrbb/pppppppp/8/8/8/8/PPPPPPPP/QNRKNRBB w KQkq - 0 1,10517343,+28,f2f4
bbnqrknr/pppppppp/8/8/8/8/PPPPPPPP/BBNQRKNR w KQkq - 0 1,14762761,+22,c2c4
bnqbrknr/pppppppp/8/8/8/8/PPPPPPPP/BNQBRKNR w KQkq - 0 1,5708096,+22,b2b4
bnqrkbnr/pppppppp/8/8/8/8/PPPPPPPP/BNQRKBNR w KQkq - 0 1,4968299,+8,d2d4
bnqrknrb/pppppppp/8/8/8/8/PPPPPPPP/BNQRKNRB w KQkq - 0 1,14405844,+16,c2c4
nbbqrknr/pppppppp/8/8/8/8/PPPPPPPP/NBBQRKNR w KQkq - 0 1,5120714,+34,d2d4
nqbbrknr/pppppppp/8/8/8/8/PPPPPPPP/NQBBRKNR w KQkq - 0 1,8913215,+17,c2c4
nqbrkbnr/pppppppp/8/8/8/8/PPPPPPPP/NQBRKBNR w KQkq - 0 1,12205252,+31,e2e4
nqbrknrb/pppppppp/8/8/8/8/PPPPPPPP/NQBRKNRB w KQkq - 0 1,9155547,+24,g2g3
nbqrbknr/pppppppp/8/8/8/8/PPPPPPPP/NBQRBKNR w KQkq - 0 1,12546631,+34,c2c4
nqrbbknr/pppppppp/8/8/8/8/PPPPPPPP/NQRBBKNR w KQkq - 0 1,7407344,+12,b2b4
nqrkbbnr/pppppppp/8/8/8/8/PPPPPPPP/NQRKBBNR w KQkq - 0 1,13720603,+26,c2c4
nqrkbnrb/pppppppp/8/8/8/8/PPPPPPPP/NQRKBNRB w KQkq - 0 1,12520245,+25,f2f4
nbqrknbr/pppppppp/8/8/8/8/PPPPPPPP/NBQRKNBR w KQkq - 0 1,9264701,+28,c2c4
nqrbknbr/pppppppp/8/8/8/8/PPPPPPPP/NQRBKNBR w KQkq - 0 1,14191502,+24,b2b4
nqrknbbr/pppppppp/8/8/8/8/PPPPPPPP/NQRKNBBR w KQkq - 0 1,17269081,+9,e2e4
nqrknrbb/pppppppp/8/8/8/8/PPPPPPPP/NQRKNRBB w KQkq - 0 1,15328324,+13,f2f4
bbnrqknr/pppppppp/8/8/8/8/PPPPPPPP/BBNRQKNR w KQkq - 0 1,11794242,+21,c2c4
bnrbqknr/pppppppp/8/8/8/8/PPPPPPPP/BNRBQKNR w KQkq - 0 1,14265485,+3,b2b3
bnrqkbnr/pppppppp/8/8/8/8/PPPPPPPP/BNRQKBNR w KQkq - 0 1,1581657,+9,b2b4
bnrqknrb/pppppppp/8/8/8/8/PPPPPPPP/BNRQKNRB w KQkq - 0 1,14706319,+16,c2c4
nbbrqknr/pppppppp/8/8/8/8/PPPPPPPP/NBBRQKNR w KQkq - 0 1,9811881,+30,e2e4
nrbbqknr/pppppppp/8/8/8/8/PPPPPPPP/NRBBQKNR w KQkq - 0 1,8686202,+18,f2f4
nrbqkbnr/pppppppp/8/8/8/8/PPPPPPPP/NRBQKBNR w KQkq - 0 1,11360844,+47,e2e4
nrbqknrb/pppppppp/8/8/8/8/PPPPPPPP/NRBQKNRB w KQkq - 0 1,10110648,+29,d2d4
nbrqbknr/pppppppp/8/8/8/8/PPPPPPPP/NBRQBKNR w KQkq - 0 1,10226803,+35,d2d4
nrqbbknr/pppppppp/8/8/8/8/PPPPPPPP/NRQBBKNR w KQkq - 0 1,5921480,+12,c2c4
nrqkbbnr/pppppppp/8/8/8/8/PPPPPPPP/NRQKBBNR w KQkq - 0 1,11815888,+35,e2e4
nrqkbnrb/pppppppp/8/8/8/8/PPPPPPPP/NRQKBNRB w KQkq - 0 1,15924125,+40,d2d4
nbrqknbr/pppppppp/8/8/8/8/PPPPPPPP/NBRQKNBR w KQkq - 0 1,10521844,+42,c2c4
nrqbknbr/pppppppp/8/8/8/8/PPPPPPPP/NRQBKNBR w KQkq - 0 1,18190558,+32,f2f4
nrqknbbr/pppppppp/8/8/8/8/PPPPPPPP/NRQKNBBR w KQkq - 0 1,13428635,+57,c2c4
nrqknrbb/pppppppp/8/8/8/8/PPPPPPPP/NRQKNRBB w KQkq - 0 1,11097978,+23,f2f4
bbnrkqnr/pppppppp/8/8/8/8/PPPPPPPP/BBNRKQNR w KQkq - 0 1,5757737,+22,c2c4
bnrbkqnr/pppppppp/8/8/8/8/PPPPPPPP/BNRBKQNR w KQkq - 0 1,9209973,+18,e2e4
bnrkqbnr/pppppppp/8/8/8/8/PPPPPPPP/BNRKQBNR w KQkq - 0 1,5364516,+22,e2e4
bnrkqnrb/pppppppp/8/8/8/8/PPPPPPPP/BNRKQNRB w KQkq - 0 1,6874261,+23,b2b3
nbbrkqnr/pppppppp/8/8/8/8/PPPPPPPP/NBBRKQNR w KQkq - 0 1,4421494,+45,e2e4
nrbbkqnr/pppppppp/8/8/8/8/PPPPPPPP/NRBBKQNR w KQkq - 0 1,7532215,+38,e2e4
nrbkqbnr/pppppppp/8/8/8/8/PPPPPPPP/NRBKQBNR w KQkq - 0 1,11942349,+63,e2e4
nrbkqnrb/pppppppp/8/8/8/8/PPPPPPPP/NRBKQNRB w KQkq - 0 1,7062989,+31,d2d3
nbrkbqnr/pppppppp/8/8/8/8/PPPPPPPP/NBRKBQNR w KQkq - 0 1,12988771,+36,c2c4
nrkbbqnr/pppppppp/8/8/8/8/PPPPPPPP/NRKBBQNR w KQkq - 0 1,16022032,+44,e2e4
nrkqbbnr/pppppppp/8/8/8/8/PPPPPPPP/NRKQBBNR w KQkq - 0 1,13641496,+46,e2e4
nrkqbnrb/pppppppp/8/8/8/8/PPPPPPPP/NRKQBNRB w KQkq - 0 1,13319267,+31,f1e3
nbrkqnbr/pppppppp/8/8/8/8/PPPPPPPP/NBRKQNBR w KQkq - 0 1,16639600,+47,c2c4
nrkbqnbr/pppppppp/8/8/8/8/PPPPPPPP/NRKBQNBR w KQkq - 0 1,11461907,+35,a1b3
nrkqnbbr/pppppppp/8/8/8/8/PPPPPPPP/NRKQNBBR w KQkq - 0 1,19130730,+36,f2f4
nrkqnrbb/pppppppp/8/8/8/8/PPPPPPPP/NRKQNRBB w KQkq - 0 1,9200393,+34,f2f4
bbnrknqr/pppppppp/8/8/8/8/PPPPPPPP/BBNRKNQR w KQkq - 0 1,4391208,+25,b2b3
bnrbknqr/pppppppp/8/8/8/8/PPPPPPPP/BNRBKNQR w KQkq - 0 1,10592355,+11,e2e3
bnrknbqr/pppppppp/8/8/8/8/PPPPPPPP/BNRKNBQR w KQkq - 0 1,4810091,+30,g2g4
bnrknqrb/pppppppp/8/8/8/8/PPPPPPPP/BNRKNQRB w KQkq - 0 1,3823111,+33,g2g4
nbbrknqr/pppppppp/8/8/8/8/PPPPPPPP/NBBRKNQR w KQkq - 0 1,5769950,+23,d2d4
nrbbknqr/pppppppp/8/8/8/8/PPPPPPPP/NRBBKNQR w KQkq - 0 1,11829334,+35,f2f4
nrbknbqr/pppppppp/8/8/8/8/PPPPPPPP/NRBKNBQR w KQkq - 0 1,12229937,+52,f2f3
nrbknqrb/pppppppp/8/8/8/8/PPPPPPPP/NRBKNQRB w KQkq - 0 1,9519859,+41,f2f4
nbrkbnqr/pppppppp/8/8/8/8/PPPPPPPP/NBRKBNQR w KQkq - 0 1,14015687,+32,f2f3
nrkbbnqr/pppppppp/8/8/8/8/PPPPPPPP/NRKBBNQR w KQkq - 0 1,17994859,+28,e2e4
nrknbbqr/pppppppp/8/8/8/8/PPPPPPPP/NRKNBBQR w KQkq - 0 1,4689358,+42,d2d4
nrknbqrb/pppppppp/8/8/8/8/PPPPPPPP/NRKNBQRB w KQkq - 0 1,9132164,+26,g2g4
nbrknqbr/pppppppp/8/8/8/8/PPPPPPPP/NBRKNQBR w KQkq - 0 1,11726162,+51,f2f4
nrkbnqbr/pppppppp/8/8/8/8/PPPPPPPP/NRKBNQBR w KQkq - 0 1,7251206,+25,a1b3
nrknqbbr/pppppppp/8/8/8/8/PPPPPPPP/NRKNQBBR w KQkq - 0 1,6029211,+17,e2e4
nrknqrbb/pppppppp/8/8/8/8/PPPPPPPP/NRKNQRBB w KQkq - 0 1,8477139,+30,f2f4
bbnrknrq/pppppppp/8/8/8/8/PPPPPPPP/BBNRKNRQ w KQkq - 0 1,21933945,+42,g2g4
bnrbknrq/pppppppp/8/8/8/8/PPPPPPPP/BNRBKNRQ w KQkq - 0 1,8133930,+39,g2g4
bnrknbrq/pppppppp/8/8/8/8/PPPPPPPP/BNRKNBRQ w KQkq - 0 1,11575760,+32,g2g3
bnrknrqb/pppppppp/8/8/8/8/PPPPPPPP/BNRKNRQB w KQkq - 0 1,5931549,+15,g2g4
nbbrknrq/pppppppp/8/8/8/8/PPPPPPPP/NBBRKNRQ w KQkq - 0 1,14733929,+35,d2d4
nrbbknrq/pppppppp/8/8/8/8/PPPPPPPP/NRBBKNRQ w KQkq - 0 1,20754877,+40,d2d4
nrbknbrq/pppppppp/8/8/8/8/PPPPPPPP/NRBKNBRQ w KQkq - 0 1,20405720,+15,a1b3
nrbknrqb/pppppppp/8/8/8/8/PPPPPPPP/NRBKNRQB w KQkq - 0 1,9271624,+59,f2f4
nbrkbnrq/pppppppp/8/8/8/8/PPPPPPPP/NBRKBNRQ w KQkq - 0 1,10170088,+43,a1b3
nrkbbnrq/pppppppp/8/8/8/8/PPPPPPPP/NRKBBNRQ w KQkq - 0 1,12374133,+33,f2f4
nrknbbrq/pppppppp/8/8/8/8/PPPPPPPP/NRKNBBRQ w KQkq - 0 1,19679467,+39,a1b3
nrknbrqb/pppppppp/8/8/8/8/PPPPPPPP/NRKNBRQB w KQkq - 0 1,14644998,+18,g2g4
nbrknrbq/pppppppp/8/8/8/8/PPPPPPPP/NBRKNRBQ w KQkq - 0 1,10532072,+14,g2g3
nrkbnrbq/pppppppp/8/8/8/8/PPPPPPPP/NRKBNRBQ w KQkq - 0 1,8776310,+24,f2f4
nrknrbbq/pppppppp/8/8/8/8/PPPPPPPP/NRKNRBBQ w KQkq - 0 1,8123190,+21,d1c3
nrknrqbb/pppppppp/8/8/8/8/PPPPPPPP/NRKNRQBB w KQkq - 0 1,4891582,+12,f2f4
bbqnrkrn/pppppppp/8/8/8/8/PPPPPPPP/BBQNRKRN w KQkq - 0 1,10627368,+36,c2c4
bqnbrkrn/pppppppp/8/8/8/8/PPPPPPPP/BQNBRKRN w KQkq - 0 1,9950958,+39,c2c4
bqnrkbrn/pppppppp/8/8/8/8/PPPPPPPP/BQNRKBRN w KQkq - 0 1,8907070,+36,c2c4
bqnrkrnb/pppppppp/8/8/8/8/PPPPPPPP/BQNRKRNB w KQkq - 0 1,5407859,+11,b2b4
qbbnrkrn/pppppppp/8/8/8/8/PPPPPPPP/QBBNRKRN w KQkq - 0 1,7594170,+32,f1g1
qnbbrkrn/pppppppp/8/8/8/8/PPPPPPPP/QNBBRKRN w KQkq - 0 1,7918183,+25,f1g1
qnbrkbrn/pppppppp/8/8/8/8/PPPPPPPP/QNBRKBRN w KQkq - 0 1,11888455,+24,d2d4
qnbrkrnb/pppppppp/8/8/8/8/PPPPPPPP/QNBRKRNB w KQkq - 0 1,9674342,+25,c2c4
qbnrbkrn/pppppppp/8/8/8/8/PPPPPPPP/QBNRBKRN w KQkq - 0 1,10867798,+19,f1g1
qnrbbkrn/pppppppp/8/8/8/8/PPPPPPPP/QNRBBKRN w KQkq - 0 1,15433997,+20,d2d4
qnrkbbrn/pppppppp/8/8/8/8/PPPPPPPP/QNRKBBRN w KQkq - 0 1,12575021,+68,c2c4
qnrkbrnb/pppppppp/8/8/8/8/PPPPPPPP/QNRKBRNB w KQkq - 0 1,8669797,+30,b2b4
qbnrkrbn/pppppppp/8/8/8/8/PPPPPPPP/QBNRKRBN w KQkq - 0 1,2556851,+10,f2f3
qnrbkrbn/pppppppp/8/8/8/8/PPPPPPPP/QNRBKRBN w KQkq - 0 1,7476767,+23,f2f4
qnrkrbbn/pppppppp/8/8/8/8/PPPPPPPP/QNRKRBBN w KQkq - 0 1,13145929,+35,d2d4
qnrkrnbb/pppppppp/8/8/8/8/PPPPPPPP/QNRKRNBB w KQkq - 0 1,20077141,+68,b2b3
bbnqrkrn/pppppppp/8/8/8/8/PPPPPPPP/BBNQRKRN w KQkq - 0 1,9667689,+20,c2c4
bnqbrkrn/pppppppp/8/8/8/8/PPPPPPPP/BNQBRKRN w KQkq - 0 1,8148940,+42,b2b4
bnqrkbrn/pppppppp/8/8/8/8/PPPPPPPP/BNQRKBRN w KQkq - 0 1,7323241,+36,d2d4
bnqrkrnb/pppppppp/8/8/8/8/PPPPPPPP/BNQRKRNB w KQkq - 0 1,12054385,+26,g2g3
nbbqrkrn/pppppppp/8/8/8/8/PPPPPPPP/NBBQRKRN w KQkq - 0 1,6618868,+26,f1g1
nqbbrkrn/pppppppp/8/8/8/8/PPPPPPPP/NQBBRKRN w KQkq - 0 1,7233654,+27,f1g1
nqbrkbrn/pppppppp/8/8/8/8/PPPPPPPP/NQBRKBRN w KQkq - 0 1,12262703,+45,c2c3
nqbrkrnb/pppppppp/8/8/8/8/PPPPPPPP/NQBRKRNB w KQkq - 0 1,4241532,+26,c2c4
nbqrbkrn/pppppppp/8/8/8/8/PPPPPPPP/NBQRBKRN w KQkq - 0 1,10225972,+34,c2c4
nqrbbkrn/pppppppp/8/8/8/8/PPPPPPPP/NQRBBKRN w KQkq - 0 1,9455616,+29,c2c4
nqrkbbrn/pppppppp/8/8/8/8/PPPPPPPP/NQRKBBRN w KQkq - 0 1,7575879,+51,f2f4
nqrkbrnb/pppppppp/8/8/8/8/PPPPPPPP/NQRKBRNB w KQkq - 0 1,5991511,+30,g1f3
nbqrkrbn/pppppppp/8/8/8/8/PPPPPPPP/NBQRKRBN w KQkq - 0 1,13413528,+43,f2f4
nqrbkrbn/pppppppp/8/8/8/8/PPPPPPPP/NQRBKRBN w KQkq - 0 1,14616167,+46,f2f4
nqrkrbbn/pppppppp/8/8/8/8/PPPPPPPP/NQRKRBBN w KQkq - 0 1,9877561,+22,c2c4
nqrkrnbb/pppppppp/8/8/8/8/PPPPPPPP/NQRKRNBB w KQkq - 0 1,14984578,+12,g2g3
bbnrqkrn/pppppppp/8/8/8/8/PPPPPPPP/BBNRQKRN w KQkq - 0 1,9417592,+16,c2c4
bnrbqkrn/pppppppp/8/8/8/8/PPPPPPPP/BNRBQKRN w KQkq - 0 1,11937380,+26,f1g1
bnrqkbrn/pppppppp/8/8/8/8/PPPPPPPP/BNRQKBRN w KQkq - 0 1,9306945,+7,e2e3
bnrqkrnb/pppppppp/8/8/8/8/PPPPPPPP/BNRQKRNB w KQkq - 0 1,8451208,+15,g2g3
nbbrqkrn/pppppppp/8/8/8/8/PPPPPPPP/NBBRQKRN w KQkq - 0 1,6463935,+19,f1g1
nrbbqkrn/pppppppp/8/8/8/8/PPPPPPPP/NRBBQKRN w KQkq - 0 1,8480419,+32,e2e4
nrbqkbrn/pppppppp/8/8/8/8/PPPPPPPP/NRBQKBRN w KQkq - 0 1,8192317,+23,e2e4
nrbqkrnb/pppppppp/8/8/8/8/PPPPPPPP/NRBQKRNB w KQkq - 0 1,4529891,+18,c2c4
nbrqbkrn/pppppppp/8/8/8/8/PPPPPPPP/NBRQBKRN w KQkq - 0 1,6312510,+47,c2c4
nrqbbkrn/pppppppp/8/8/8/8/PPPPPPPP/NRQBBKRN w KQkq - 0 1,11810974,+27,f1g1
nrqkbbrn/pppppppp/8/8/8/8/PPPPPPPP/NRQKBBRN w KQkq - 0 1,12288233,+29,e2e4
nrqkbrnb/pppppppp/8/8/8/8/PPPPPPPP/NRQKBRNB w KQkq - 0 1,3025034,+27,c2c4
nbrqkrbn/pppppppp/8/8/8/8/PPPPPPPP/NBRQKRBN w KQkq - 0 1,9824002,+73,f2f4
nrqbkrbn/pppppppp/8/8/8/8/PPPPPPPP/NRQBKRBN w KQkq - 0 1,13054038,+49,f2f4
nrqkrbbn/pppppppp/8/8/8/8/PPPPPPPP/NRQKRBBN w KQkq - 0 1,12421982,+34,e2e4
nrqkrnbb/pppppppp/8/8/8/8/PPPPPPPP/NRQKRNBB w KQkq - 0 1,5407338,+36,f2f4
bbnrkqrn/pppppppp/8/8/8/8/PPPPPPPP/BBNRKQRN w KQkq - 0 1,4386426,+45,c2c4
bnrbkqrn/pppppppp/8/8/8/8/PPPPPPPP/BNRBKQRN w KQkq - 0 1,6306045,+26,f2f4
bnrkqbrn/pppppppp/8/8/8/8/PPPPPPPP/BNRKQBRN w KQkq - 0 1,8606798,+28,f2f4
bnrkqrnb/pppppppp/8/8/8/8/PPPPPPPP/BNRKQRNB w KQkq - 0 1,11274877,+19,g2g4
nbbrkqrn/pppppppp/8/8/8/8/PPPPPPPP/NBBRKQRN w KQkq - 0 1,16616516,+25,c2c3
nrbbkqrn/pppppppp/8/8/8/8/PPPPPPPP/NRBBKQRN w KQkq - 0 1,10547845,+53,f2f4
nrbkqbrn/pppppppp/8/8/8/8/PPPPPPPP/NRBKQBRN w KQkq - 0 1,14149065,+31,d2d4
nrbkqrnb/pppppppp/8/8/8/8/PPPPPPPP/NRBKQRNB w KQkq - 0 1,3682395,+48,d2d3
nbrkbqrn/pppppppp/8/8/8/8/PPPPPPPP/NBRKBQRN w KQkq - 0 1,12078228,+58,c2c4
nrkbbqrn/pppppppp/8/8/8/8/PPPPPPPP/NRKBBQRN w KQkq - 0 1,2253440,+21,e2e3
nrkqbbrn/pppppppp/8/8/8/8/PPPPPPPP/NRKQBBRN w KQkq - 0 1,10197693,+38,c2c4
nrkqbrnb/pppppppp/8/8/8/8/PPPPPPPP/NRKQBRNB w KQkq - 0 1,10068227,+41,f2f4
nbrkqrbn/pppppppp/8/8/8/8/PPPPPPPP/NBRKQRBN w KQkq - 0 1,20752967,+55,c2c4
nrkbqrbn/pppppppp/8/8/8/8/PPPPPPPP/NRKBQRBN w KQkq - 0 1,12110681,+58,f2f4
nrkqrbbn/pppppppp/8/8/8/8/PPPPPPPP/NRKQRBBN w KQkq - 0 1,8041820,+51,e2e4
nrkqrnbb/pppppppp/8/8/8/8/PPPPPPPP/NRKQRNBB w KQkq - 0 1,9248668,+36,f2f4
bbnrkrqn/pppppppp/8/8/8/8/PPPPPPPP/BBNRKRQN w KQkq - 0 1,10097589,+29,c2c4
bnrbkrqn/pppppppp/8/8/8/8/PPPPPPPP/BNRBKRQN w KQkq - 0 1,8292747,+33,g2g4
bnrkrbqn/pppppppp/8/8/8/8/PPPPPPPP/BNRKRBQN w KQkq - 0 1,5136071,+22,f2f4
bnrkrqnb/pppppppp/8/8/8/8/PPPPPPPP/BNRKRQNB w KQkq - 0 1,7110148,+24,g2g4
nbbrkrqn/pppppppp/8/8/8/8/PPPPPPPP/NBBRKRQN w KQkq - 0 1,5675309,+22,f2f4
nrbbkrqn/pppppppp/8/8/8/8/PPPPPPPP/NRBBKRQN w KQkq - 0 1,17612831,+29,f2f4
nrbkrbqn/pppppppp/8/8/8/8/PPPPPPPP/NRBKRBQN w KQkq - 0 1,13438983,+40,f2f3
nrbkrqnb/pppppppp/8/8/8/8/PPPPPPPP/NRBKRQNB w KQkq - 0 1,5065847,+39,e2e4
nbrkbrqn/pppppppp/8/8/8/8/PPPPPPPP/NBRKBRQN w KQkq - 0 1,13302958,+35,f2f4
nrkbbrqn/pppppppp/8/8/8/8/PPPPPPPP/NRKBBRQN w KQkq - 0 1,8503317,+28,g2g4
nrkrbbqn/pppppppp/8/8/8/8/PPPPPPPP/NRKRBBQN w KQkq - 0 1,15235294,+33,a1b3
nrkrbqnb/pppppppp/8/8/8/8/PPPPPPPP/NRKRBQNB w KQkq - 0 1,7450128,+28,f2f4
nbrkrqbn/pppppppp/8/8/8/8/PPPPPPPP/NBRKRQBN w KQkq - 0 1,7344978,+24,f2f4
nrkbrqbn/pppppppp/8/8/8/8/PPPPPPPP/NRKBRQBN w KQkq - 0 1,6763809,+40,f2f4
nrkrqbbn/pppppppp/8/8/8/8/PPPPPPPP/NRKRQBBN w KQkq - 0 1,14272716,+36,f2f3
nrkrqnbb/pppppppp/8/8/8/8/PPPPPPPP/NRKRQNBB w KQkq - 0 1,11192814,+21,f2f4
bbnrkrnq/pppppppp/8/8/8/8/PPPPPPPP/BBNRKRNQ w KQkq - 0 1,11951311,+48,g2g3
bnrbkrnq/pppppppp/8/8/8/8/PPPPPPPP/BNRBKRNQ w KQkq - 0 1,15996568,+35,e2e3
bnrkrbnq/pppppppp/8/8/8/8/PPPPPPPP/BNRKRBNQ w KQkq - 0 1,9992166,+24,f2f4
bnrkrnqb/pppppppp/8/8/8/8/PPPPPPPP/BNRKRNQB w KQkq - 0 1,9232254,+14,b2b3
nbbrkrnq/pppppppp/8/8/8/8/PPPPPPPP/NBBRKRNQ w KQkq - 0 1,11947056,+11,d2d4
nrbbkrnq/pppppppp/8/8/8/8/PPPPPPPP/NRBBKRNQ w KQkq - 0 1,16247621,+63,f2f4
nrbkrbnq/pppppppp/8/8/8/8/PPPPPPPP/NRBKRBNQ w KQkq - 0 1,13272210,+30,d2d4
nrbkrnqb/pppppppp/8/8/8/8/PPPPPPPP/NRBKRNQB w KQkq - 0 1,8513899,+53,f2f4
nbrkbrnq/pppppppp/8/8/8/8/PPPPPPPP/NBRKBRNQ w KQkq - 0 1,11435361,+16,d2d4
nrkbbrnq/pppppppp/8/8/8/8/PPPPPPPP/NRKBBRNQ w KQkq - 0 1,14489920,+29,f2f4
nrkrbbnq/pppppppp/8/8/8/8/PPPPPPPP/NRKRBBNQ w KQkq - 0 1,6814824,+42,e2e4
nrkrbnqb/pppppppp/8/8/8/8/PPPPPPPP/NRKRBNQB w KQkq - 0 1,11404701,+49,f2f4
nbrkrnbq/pppppppp/8/8/8/8/PPPPPPPP/NBRKRNBQ w KQkq - 0 1,7041724,+16,c2c3
nrkbrnbq/pppppppp/8/8/8/8/PPPPPPPP/NRKBRNBQ w KQkq - 0 1,7142789,+34,f2f4
nrkrnbbq/pppppppp/8/8/8/8/PPPPPPPP/NRKRNBBQ w KQkq - 0 1,10119807,+29,g2g4
nrkrnqbb/pppppppp/8/8/8/8/PPPPPPPP/NRKRNQBB w KQkq - 0 1,5658784,+32,f2f4
bbqrnnkr/pppppppp/8/8/8/8/PPPPPPPP/BBQRNNKR w KQkq - 0 1,9635284,+18,c2c4
bqrbnnkr/pppppppp/8/8/8/8/PPPPPPPP/BQRBNNKR w KQkq - 0 1,6658373,+29,h2h4
bqrnnbkr/pppppppp/8/8/8/8/PPPPPPPP/BQRNNBKR w KQkq - 0 1,10386383,+14,h2h4
bqrnnkrb/pppppppp/8/8/8/8/PPPPPPPP/BQRNNKRB w KQkq - 0 1,9736667,+17,b2b4
qbbrnnkr/pppppppp/8/8/8/8/PPPPPPPP/QBBRNNKR w KQkq - 0 1,13117328,+36,c2c4
qrbbnnkr/pppppppp/8/8/8/8/PPPPPPPP/QRBBNNKR w KQkq - 0 1,13608542,+21,b2b4
qrbnnbkr/pppppppp/8/8/8/8/PPPPPPPP/QRBNNBKR w KQkq - 0 1,8109561,+31,h2h4
qrbnnkrb/pppppppp/8/8/8/8/PPPPPPPP/QRBNNKRB w KQkq - 0 1,11530707,+31,b2b4
qbrnbnkr/pppppppp/8/8/8/8/PPPPPPPP/QBRNBNKR w KQkq - 0 1,20012620,+39,d1e3
qrnbbnkr/pppppppp/8/8/8/8/PPPPPPPP/QRNBBNKR w KQkq - 0 1,6983795,+33,c2c4
qrnnbbkr/pppppppp/8/8/8/8/PPPPPPPP/QRNNBBKR w KQkq - 0 1,7318911,+19,c2c4
qrnnbkrb/pppppppp/8/8/8/8/PPPPPPPP/QRNNBKRB w KQkq - 0 1,13832826,+22,g2g3
qbrnnkbr/pppppppp/8/8/8/8/PPPPPPPP/QBRNNKBR w KQkq - 0 1,7933238,+33,d2d4
qrnbnkbr/pppppppp/8/8/8/8/PPPPPPPP/QRNBNKBR w KQkq - 0 1,10941366,+22,e2e4
qrnnkbbr/pppppppp/8/8/8/8/PPPPPPPP/QRNNKBBR w KQkq - 0 1,5926975,+35,e2e4
qrnnkrbb/pppppppp/8/8/8/8/PPPPPPPP/QRNNKRBB w KQkq - 0 1,7604590,+61,b2b4
bbrqnnkr/pppppppp/8/8/8/8/PPPPPPPP/BBRQNNKR w KQkq - 0 1,11920667,+22,d2d4
brqbnnkr/pppppppp/8/8/8/8/PPPPPPPP/BRQBNNKR w KQkq - 0 1,12455461,+14,b2b4
brqnnbkr/pppppppp/8/8/8/8/PPPPPPPP/BRQNNBKR w KQkq - 0 1,5832448,+28,h2h4
brqnnkrb/pppppppp/8/8/8/8/PPPPPPPP/BRQNNKRB w KQkq - 0 1,7772341,+11,g2g4
rbbqnnkr/pppppppp/8/8/8/8/PPPPPPPP/RBBQNNKR w KQkq - 0 1,12598142,+15,e2e4
rqbbnnkr/pppppppp/8/8/8/8/PPPPPPPP/RQBBNNKR w KQkq - 0 1,9863609,+22,d2d4
rqbnnbkr/pppppppp/8/8/8/8/PPPPPPPP/RQBNNBKR w KQkq - 0 1,4953120,+22,d2d4
rqbnnkrb/pppppppp/8/8/8/8/PPPPPPPP/RQBNNKRB w KQkq - 0 1,7380529,+19,d2d4
rbqnbnkr/pppppppp/8/8/8/8/PPPPPPPP/RBQNBNKR w KQkq - 0 1,11679240,+69,d2d4
rqnbbnkr/pppppppp/8/8/8/8/PPPPPPPP/RQNBBNKR w KQkq - 0 1,5425071,+20,h2h4
rqnnbbkr/pppppppp/8/8/8/8/PPPPPPPP/RQNNBBKR w KQkq - 0 1,2910333,+25,h2h4
rqnnbkrb/pppppppp/8/8/8/8/PPPPPPPP/RQNNBKRB w KQkq - 0 1,5835958,+32,e2e4
rbqnnkbr/pppppppp/8/8/8/8/PPPPPPPP/RBQNNKBR w KQkq - 0 1,9414938,+14,f2f3
rqnbnkbr/pppppppp/8/8/8/8/PPPPPPPP/RQNBNKBR w KQkq - 0 1,9994455,+19,c2c3
rqnnkbbr/pppppppp/8/8/8/8/PPPPPPPP/RQNNKBBR w KQkq - 0 1,4681233,+22,d2d4
rqnnkrbb/pppppppp/8/8/8/8/PPPPPPPP/RQNNKRBB w KQkq - 0 1,6293628,+43,e2e4
bbrnqnkr/pppppppp/8/8/8/8/PPPPPPPP/BBRNQNKR w KQkq - 0 1,12393958,+28,d2d4
brnbqnkr/pppppppp/8/8/8/8/PPPPPPPP/BRNBQNKR w KQkq - 0 1,14222817,+32,c1d3
brnqnbkr/pppppppp/8/8/8/8/PPPPPPPP/BRNQNBKR w KQkq - 0 1,15756163,+12,h2h4
brnqnkrb/pppppppp/8/8/8/8/PPPPPPPP/BRNQNKRB w KQkq - 0 1,5717584,+23,b2b3
rbbnqnkr/pppppppp/8/8/8/8/PPPPPPPP/RBBNQNKR w KQkq - 0 1,11982728,+21,c2c4
rnbbqnkr/pppppppp/8/8/8/8/PPPPPPPP/RNBBQNKR w KQkq - 0 1,7394061,+20,d2d4
rnbqnbkr/pppppppp/8/8/8/8/PPPPPPPP/RNBQNBKR w KQkq - 0 1,8130612,+29,c2c4
rnbqnkrb/pppppppp/8/8/8/8/PPPPPPPP/RNBQNKRB w KQkq - 0 1,6060680,+9,c2c4
rbnqbnkr/pppppppp/8/8/8/8/PPPPPPPP/RBNQBNKR w KQkq - 0 1,12401068,+28,e2e4
rnqbbnkr/pppppppp/8/8/8/8/PPPPPPPP/RNQBBNKR w KQkq - 0 1,7374452,+24,d2d4
rnqnbbkr/pppppppp/8/8/8/8/PPPPPPPP/RNQNBBKR w KQkq - 0 1,10733373,+27,d2d4
rnqnbkrb/pppppppp/8/8/8/8/PPPPPPPP/RNQNBKRB w KQkq - 0 1,9930399,+42,d2d4
rbnqnkbr/pppppppp/8/8/8/8/PPPPPPPP/RBNQNKBR w KQkq - 0 1,5779685,+11,f2f3
rnqbnkbr/pppppppp/8/8/8/8/PPPPPPPP/RNQBNKBR w KQkq - 0 1,8583447,+23,e2e4
rnqnkbbr/pppppppp/8/8/8/8/PPPPPPPP/RNQNKBBR w KQkq - 0 1,6873334,+35,d2d4
rnqnkrbb/pppppppp/8/8/8/8/PPPPPPPP/RNQNKRBB w KQkq - 0 1,5262544,+12,f2f4
bbrnnqkr/pppppppp/8/8/8/8/PPPPPPPP/BBRNNQKR w KQkq - 0 1,9294637,+5,b2b3
brnbnqkr/pppppppp/8/8/8/8/PPPPPPPP/BRNBNQKR w KQkq - 0 1,10719077,+27,e2e4
brnnqbkr/pppppppp/8/8/8/8/PPPPPPPP/BRNNQBKR w KQkq - 0 1,4593710,+36,h2h4
brnnqkrb/pppppppp/8/8/8/8/PPPPPPPP/BRNNQKRB w KQkq - 0 1,14653514,+45,b2b3
rbbnnqkr/pppppppp/8/8/8/8/PPPPPPPP/RBBNNQKR w KQkq - 0 1,10235059,+42,e2e4
rnbbnqkr/pppppppp/8/8/8/8/PPPPPPPP/RNBBNQKR w KQkq - 0 1,13199930,+21,d2d4
rnbnqbkr/pppppppp/8/8/8/8/PPPPPPPP/RNBNQBKR w KQkq - 0 1,9618719,+19,d2d4
rnbnqkrb/pppppppp/8/8/8/8/PPPPPPPP/RNBNQKRB w KQkq - 0 1,9518192,+39,f2f4
rbnnbqkr/pppppppp/8/8/8/8/PPPPPPPP/RBNNBQKR w KQkq - 0 1,17903343,+22,d2d4
rnnbbqkr/pppppppp/8/8/8/8/PPPPPPPP/RNNBBQKR w KQkq - 0 1,9932327,+14,d2d4
rnnqbbkr/pppppppp/8/8/8/8/PPPPPPPP/RNNQBBKR w KQkq - 0 1,7354574,+27,c2c4
rnnqbkrb/pppppppp/8/8/8/8/PPPPPPPP/RNNQBKRB w KQkq - 0 1,4413776,+18,d2d4
rbnnqkbr/pppppppp/8/8/8/8/PPPPPPPP/RBNNQKBR w KQkq - 0 1,5139106,+8,d2d4
rnnbqkbr/pppppppp/8/8/8/8/PPPPPPPP/RNNBQKBR w KQkq - 0 1,15266929,+19,e2e4
rnnqkbbr/pppppppp/8/8/8/8/PPPPPPPP/RNNQKBBR w KQkq - 0 1,8643888,+32,e2e4
rnnqkrbb/pppppppp/8/8/8/8/PPPPPPPP/RNNQKRBB w KQkq - 0 1,18473762,+23,b1c3
bbrnnkqr/pppppppp/8/8/8/8/PPPPPPPP/BBRNNKQR w KQkq - 0 1,4553838,+23,b2b3
brnbnkqr/pppppppp/8/8/8/8/PPPPPPPP/BRNBNKQR w KQkq - 0 1,4928891,+20,c2c4
brnnkbqr/pppppppp/8/8/8/8/PPPPPPPP/BRNNKBQR w KQkq - 0 1,11689191,+46,f2f3
brnnkqrb/pppppppp/8/8/8/8/PPPPPPPP/BRNNKQRB w KQkq - 0 1,9344861,+20,g2g4
rbbnnkqr/pppppppp/8/8/8/8/PPPPPPPP/RBBNNKQR w KQkq - 0 1,7140539,+31,c2c3
rnbbnkqr/pppppppp/8/8/8/8/PPPPPPPP/RNBBNKQR w KQkq - 0 1,8115884,+26,d2d4
rnbnkbqr/pppppppp/8/8/8/8/PPPPPPPP/RNBNKBQR w KQkq - 0 1,13224708,+48,f2f4
rnbnkqrb/pppppppp/8/8/8/8/PPPPPPPP/RNBNKQRB w KQkq - 0 1,14479690,+17,f2f4
rbnnbkqr/pppppppp/8/8/8/8/PPPPPPPP/RBNNBKQR w KQkq - 0 1,7168611,+34,f2f3
rnnbbkqr/pppppppp/8/8/8/8/PPPPPPPP/RNNBBKQR w KQkq - 0 1,11377631,+34,e2e4
rnnkbbqr/pppppppp/8/8/8/8/PPPPPPPP/RNNKBBQR w KQkq - 0 1,7759654,+41,c1b3
rnnkbqrb/pppppppp/8/8/8/8/PPPPPPPP/RNNKBQRB w KQkq - 0 1,11416022,+34,g2g4
rbnnkqbr/pppppppp/8/8/8/8/PPPPPPPP/RBNNKQBR w KQkq - 0 1,10727462,+32,e2e4
rnnbkqbr/pppppppp/8/8/8/8/PPPPPPPP/RNNBKQBR w KQkq - 0 1,7402990,+45,e2e4
rnnkqbbr/pppppppp/8/8/8/8/PPPPPPPP/RNNKQBBR w KQkq - 0 1,7529713,+14,e2e4
rnnkqrbb/pppppppp/8/8/8/8/PPPPPPPP/RNNKQRBB w KQkq - 0 1,11567032,+56,g2g3
bbrnnkrq/pppppppp/8/8/8/8/PPPPPPPP/BBRNNKRQ w KQkq - 0 1,17370662,+30,g2g3
brnbnkrq/pppppppp/8/8/8/8/PPPPPPPP/BRNBNKRQ w KQkq - 0 1,20504268,+37,h2h4
brnnkbrq/pppppppp/8/8/8/8/PPPPPPPP/BRNNKBRQ w KQkq - 0 1,8598541,+46,g2g4
brnnkrqb/pppppppp/8/8/8/8/PPPPPPPP/BRNNKRQB w KQkq - 0 1,9324319,+14,b2b3
rbbnnkrq/pppppppp/8/8/8/8/PPPPPPPP/RBBNNKRQ w KQkq - 0 1,7822593,+41,d2d4
rnbbnkrq/pppppppp/8/8/8/8/PPPPPPPP/RNBBNKRQ w KQkq - 0 1,6722296,+31,g2g4
rnbnkbrq/pppppppp/8/8/8/8/PPPPPPPP/RNBNKBRQ w KQkq - 0 1,8013985,+52,d2d4
rnbnkrqb/pppppppp/8/8/8/8/PPPPPPPP/RNBNKRQB w KQkq - 0 1,21389853,+1,f2f4
rbnnbkrq/pppppppp/8/8/8/8/PPPPPPPP/RBNNBKRQ w KQkq - 0 1,17931933,+23,d2d4
rnnbbkrq/pppppppp/8/8/8/8/PPPPPPPP/RNNBBKRQ w KQkq - 0 1,12937613,+38,g2g4
rnnkbbrq/pppppppp/8/8/8/8/PPPPPPPP/RNNKBBRQ w KQkq - 0 1,2670919,+41,g2g4
rnnkbrqb/pppppppp/8/8/8/8/PPPPPPPP/RNNKBRQB w KQkq - 0 1,6513045,+11,g2g4
rbnnkrbq/pppppppp/8/8/8/8/PPPPPPPP/RBNNKRBQ w KQkq - 0 1,7404384,+30,e2e4
rnnbkrbq/pppppppp/8/8/8/8/PPPPPPPP/RNNBKRBQ w KQkq - 0 1,9534249,+56,e2e4
rnnkrbbq/pppppppp/8/8/8/8/PPPPPPPP/RNNKRBBQ w KQkq - 0 1,8642111,+38,b1c3
rnnkrqbb/pppppppp/8/8/8/8/PPPPPPPP/RNNKRQBB w KQkq - 0 1,11033578,+22,g2g3
bbqrnknr/pppppppp/8/8/8/8/PPPPPPPP/BBQRNKNR w KQkq - 0 1,8498278,+26,c2c4
bqrbnknr/pppppppp/8/8/8/8/PPPPPPPP/BQRBNKNR w KQkq - 0 1,11995427,+28,c2c4
bqrnkbnr/pppppppp/8/8/8/8/PPPPPPPP/BQRNKBNR w KQkq - 0 1,7454790,+9,e2e3
bqrnknrb/pppppppp/8/8/8/8/PPPPPPPP/BQRNKNRB w KQkq - 0 1,7582380,+8,b2b4
qbbrnknr/pppppppp/8/8/8/8/PPPPPPPP/QBBRNKNR w KQkq - 0 1,8314539,+40,c2c4
qrbbnknr/pppppppp/8/8/8/8/PPPPPPPP/QRBBNKNR w KQkq - 0 1,12972469,+8,b2b4
qrbnkbnr/pppppppp/8/8/8/8/PPPPPPPP/QRBNKBNR w KQkq - 0 1,6875875,+22,a2a4
qrbnknrb/pppppppp/8/8/8/8/PPPPPPPP/QRBNKNRB w KQkq - 0 1,13361578,+35,b2b4
qbrnbknr/pppppppp/8/8/8/8/PPPPPPPP/QBRNBKNR w KQkq - 0 1,9013594,+37,d2d4
qrnbbknr/pppppppp/8/8/8/8/PPPPPPPP/QRNBBKNR w KQkq - 0 1,14960216,+17,c2c4
qrnkbbnr/pppppppp/8/8/8/8/PPPPPPPP/QRNKBBNR w KQkq - 0 1,22254317,+36,b2b4
qrnkbnrb/pppppppp/8/8/8/8/PPPPPPPP/QRNKBNRB w KQkq - 0 1,10450532,+31,a2a4
qbrnknbr/pppppppp/8/8/8/8/PPPPPPPP/QBRNKNBR w KQkq - 0 1,8247988,+19,h2h4
qrnbknbr/pppppppp/8/8/8/8/PPPPPPPP/QRNBKNBR w KQkq - 0 1,7260593,+36,b2b3
qrnknbbr/pppppppp/8/8/8/8/PPPPPPPP/QRNKNBBR w KQkq - 0 1,7030652,+29,f2f3
qrnknrbb/pppppppp/8/8/8/8/PPPPPPPP/QRNKNRBB w KQkq - 0 1,11669960,+49,b2b4
bbrqnknr/pppppppp/8/8/8/8/PPPPPPPP/BBRQNKNR w KQkq - 0 1,6445614,+26,c2c4
brqbnknr/pppppppp/8/8/8/8/PPPPPPPP/BRQBNKNR w KQkq - 0 1,9055917,+2,b2b4
brqnkbnr/pppppppp/8/8/8/8/PPPPPPPP/BRQNKBNR w KQkq - 0 1,5872913,+15,b2b4
brqnknrb/pppppppp/8/8/8/8/PPPPPPPP/BRQNKNRB w KQkq - 0 1,6841225,+31,g2g3
rbbqnknr/pppppppp/8/8/8/8/PPPPPPPP/RBBQNKNR w KQkq - 0 1,7707773,+17,c2c4
rqbbnknr/pppppppp/8/8/8/8/PPPPPPPP/RQBBNKNR w KQkq - 0 1,12507008,+13,g1f3
rqbnkbnr/pppppppp/8/8/8/8/PPPPPPPP/RQBNKBNR w KQkq - 0 1,6782910,+22,g1f3
rqbnknrb/pppppppp/8/8/8/8/PPPPPPPP/RQBNKNRB w KQkq - 0 1,6285575,+41,g2g3
rbqnbknr/pppppppp/8/8/8/8/PPPPPPPP/RBQNBKNR w KQkq - 0 1,10315929,+39,d2d4
rqnbbknr/pppppppp/8/8/8/8/PPPPPPPP/RQNBBKNR w KQkq - 0 1,6097599,+26,c2c4
rqnkbbnr/pppppppp/8/8/8/8/PPPPPPPP/RQNKBBNR w KQkq - 0 1,20190303,+27,e2e4
rqnkbnrb/pppppppp/8/8/8/8/PPPPPPPP/RQNKBNRB w KQkq - 0 1,17665825,+36,g2g4
rbqnknbr/pppppppp/8/8/8/8/PPPPPPPP/RBQNKNBR w KQkq - 0 1,10708918,+38,d2d4
rqnbknbr/pppppppp/8/8/8/8/PPPPPPPP/RQNBKNBR w KQkq - 0 1,4219545,+13,e2e4
rqnknbbr/pppppppp/8/8/8/8/PPPPPPPP/RQNKNBBR w KQkq - 0 1,13764843,+28,e2e4
rqnknrbb/pppppppp/8/8/8/8/PPPPPPPP/RQNKNRBB w KQkq - 0 1,7799733,+19,f2f4
bbrnqknr/pppppppp/8/8/8/8/PPPPPPPP/BBRNQKNR w KQkq - 0 1,4860236,+23,d2d4
brnbqknr/pppppppp/8/8/8/8/PPPPPPPP/BRNBQKNR w KQkq - 0 1,11403551,+27,b2b4
brnqkbnr/pppppppp/8/8/8/8/PPPPPPPP/BRNQKBNR w KQkq - 0 1,5213771,+10,c2c4
brnqknrb/pppppppp/8/8/8/8/PPPPPPPP/BRNQKNRB w KQkq - 0 1,7321446,+25,f1e3
rbbnqknr/pppppppp/8/8/8/8/PPPPPPPP/RBBNQKNR w KQkq - 0 1,5548375,+37,d2d4
rnbbqknr/pppppppp/8/8/8/8/PPPPPPPP/RNBBQKNR w KQkq - 0 1,10649086,+16,d2d4
rnbqkbnr/pppppppp/8/8/8/8/PPPPPPPP/RNBQKBNR w KQkq - 0 1,6276969,+23,d2d4
rnbqknrb/pppppppp/8/8/8/8/PPPPPPPP/RNBQKNRB w KQkq - 0 1,13589233,+20,d2d4
rbnqbknr/pppppppp/8/8/8/8/PPPPPPPP/RBNQBKNR w KQkq - 0 1,12628004,+30,c2c4
rnqbbknr/pppppppp/8/8/8/8/PPPPPPPP/RNQBBKNR w KQkq - 0 1,9689156,+16,d2d4
rnqkbbnr/pppppppp/8/8/8/8/PPPPPPPP/RNQKBBNR w KQkq - 0 1,5885385,+34,d2d4
rnqkbnrb/pppppppp/8/8/8/8/PPPPPPPP/RNQKBNRB w KQkq - 0 1,9390700,+41,g2g4
rbnqknbr/pppppppp/8/8/8/8/PPPPPPPP/RBNQKNBR w KQkq - 0 1,7453087,+19,d2d4
rnqbknbr/pppppppp/8/8/8/8/PPPPPPPP/RNQBKNBR w KQkq - 0 1,18095690,+24,f2f4
rnqknbbr/pppppppp/8/8/8/8/PPPPPPPP/RNQKNBBR w KQkq - 0 1,7087001,+39,d2d4
rnqknrbb/pppppppp/8/8/8/8/PPPPPPPP/RNQKNRBB w KQkq - 0 1,4423560,+28,c2c4
bbrnkqnr/pppppppp/8/8/8/8/PPPPPPPP/BBRNKQNR w KQkq - 0 1,2884681,+15,f2f4
brnbkqnr/pppppppp/8/8/8/8/PPPPPPPP/BRNBKQNR w KQkq - 0 1,7304369,+26,b2b4
brnkqbnr/pppppppp/8/8/8/8/PPPPPPPP/BRNKQBNR w KQkq - 0 1,8491649,+34,e2e4
brnkqnrb/pppppppp/8/8/8/8/PPPPPPPP/BRNKQNRB w KQkq - 0 1,5416673,+18,g2g3
rbbnkqnr/pppppppp/8/8/8/8/PPPPPPPP/RBBNKQNR w KQkq - 0 1,11343688,+28,d2d4
rnbbkqnr/pppppppp/8/8/8/8/PPPPPPPP/RNBBKQNR w KQkq - 0 1,10130564,+35,e2e4
rnbkqbnr/pppppppp/8/8/8/8/PPPPPPPP/RNBKQBNR w KQkq - 0 1,8150308,+48,d2d4
rnbkqnrb/pppppppp/8/8/8/8/PPPPPPPP/RNBKQNRB w KQkq - 0 1,10687060,+9,f2f4
rbnkbqnr/pppppppp/8/8/8/8/PPPPPPPP/RBNKBQNR w KQkq - 0 1,12656229,+40,e2e4
rnkbbqnr/pppppppp/8/8/8/8/PPPPPPPP/RNKBBQNR w KQkq - 0 1,10101564,+21,e2e4
rnkqbbnr/pppppppp/8/8/8/8/PPPPPPPP/RNKQBBNR w KQkq - 0 1,8316110,+31,d2d4
rnkqbnrb/pppppppp/8/8/8/8/PPPPPPPP/RNKQBNRB w KQkq - 0 1,20150769,+36,d2d4
rbnkqnbr/pppppppp/8/8/8/8/PPPPPPPP/RBNKQNBR w KQkq - 0 1,6108296,+18,d2d4
rnkbqnbr/pppppppp/8/8/8/8/PPPPPPPP/RNKBQNBR w KQkq - 0 1,15495600,+28,d2d4
rnkqnbbr/pppppppp/8/8/8/8/PPPPPPPP/RNKQNBBR w KQkq - 0 1,8944559,+31,d2d4
rnkqnrbb/pppppppp/8/8/8/8/PPPPPPPP/RNKQNRBB w KQkq - 0 1,7801162,+30,e2e4
bbrnknqr/pppppppp/8/8/8/8/PPPPPPPP/BBRNKNQR w KQkq - 0 1,11099798,+9,c2c4
brnbknqr/pppppppp/8/8/8/8/PPPPPPPP/BRNBKNQR w KQkq - 0 1,10429035,+23,h2h4
brnknbqr/pppppppp/8/8/8/8/PPPPPPPP/BRNKNBQR w KQkq - 0 1,8898480,+18,f2f3
brnknqrb/pppppppp/8/8/8/8/PPPPPPPP/BRNKNQRB w KQkq - 0 1,7595474,+22,g2g4
rbbnknqr/pppppppp/8/8/8/8/PPPPPPPP/RBBNKNQR w KQkq - 0 1,7246097,+22,e2e4
rnbbknqr/pppppppp/8/8/8/8/PPPPPPPP/RNBBKNQR w KQkq - 0 1,17810114,+18,e2e4
rnbknbqr/pppppppp/8/8/8/8/PPPPPPPP/RNBKNBQR w KQkq - 0 1,7957135,+29,d2d4
rnbknqrb/pppppppp/8/8/8/8/PPPPPPPP/RNBKNQRB w KQkq - 0 1,5246951,+13,g2g4
rbnkbnqr/pppppppp/8/8/8/8/PPPPPPPP/RBNKBNQR w KQkq - 0 1,7734857,+17,d2d4
rnkbbnqr/pppppppp/8/8/8/8/PPPPPPPP/RNKBBNQR w KQkq - 0 1,5988120,+29,b1c3
rnknbbqr/pppppppp/8/8/8/8/PPPPPPPP/RNKNBBQR w KQkq - 0 1,10792626,+31,d2d4
rnknbqrb/pppppppp/8/8/8/8/PPPPPPPP/RNKNBQRB w KQkq - 0 1,10813006,+27,g2g4
rbnknqbr/pppppppp/8/8/8/8/PPPPPPPP/RBNKNQBR w KQkq - 0 1,10065090,+18,e2e4
rnkbnqbr/pppppppp/8/8/8/8/PPPPPPPP/RNKBNQBR w KQkq - 0 1,12032890,+78,e2e4
rnknqbbr/pppppppp/8/8/8/8/PPPPPPPP/RNKNQBBR w KQkq - 0 1,4716309,+16,e2e4
rnknqrbb/pppppppp/8/8/8/8/PPPPPPPP/RNKNQRBB w KQkq - 0 1,10379484,+46,e2e4
bbrnknrq/pppppppp/8/8/8/8/PPPPPPPP/BBRNKNRQ w KQkq - 0 1,12817280,+41,g2g4
brnbknrq/pppppppp/8/8/8/8/PPPPPPPP/BRNBKNRQ w KQkq - 0 1,16295784,+29,e2e3
brnknbrq/pppppppp/8/8/8/8/PPPPPPPP/BRNKNBRQ w KQkq - 0 1,6703205,+20,b2b3
brnknrqb/pppppppp/8/8/8/8/PPPPPPPP/BRNKNRQB w KQkq - 0 1,6525199,+11,f2f4
rbbnknrq/pppppppp/8/8/8/8/PPPPPPPP/RBBNKNRQ w KQkq - 0 1,15697326,+7,d2d4
rnbbknrq/pppppppp/8/8/8/8/PPPPPPPP/RNBBKNRQ w KQkq - 0 1,12127148,+43,d2d4
rnbknbrq/pppppppp/8/8/8/8/PPPPPPPP/RNBKNBRQ w KQkq - 0 1,9579536,+31,h2h4
rnbknrqb/pppppppp/8/8/8/8/PPPPPPPP/RNBKNRQB w KQkq - 0 1,6925721,+9,b1c3
rbnkbnrq/pppppppp/8/8/8/8/PPPPPPPP/RBNKBNRQ w KQkq - 0 1,4638199,+26,d2d4
rnkbbnrq/pppppppp/8/8/8/8/PPPPPPPP/RNKBBNRQ w KQkq - 0 1,8657403,+28,d2d4
rnknbbrq/pppppppp/8/8/8/8/PPPPPPPP/RNKNBBRQ w KQkq - 0 1,10059826,+35,g2g4
rnknbrqb/pppppppp/8/8/8/8/PPPPPPPP/RNKNBRQB w KQkq - 0 1,17289691,+22,g2g4
rbnknrbq/pppppppp/8/8/8/8/PPPPPPPP/RBNKNRBQ w KQkq - 0 1,10853907,+21,c2c3
rnkbnrbq/pppppppp/8/8/8/8/PPPPPPPP/RNKBNRBQ w KQkq - 0 1,5919651,+20,e2e4
rnknrbbq/pppppppp/8/8/8/8/PPPPPPPP/RNKNRBBQ w KQkq - 0 1,13739448,+35,f2f4
rnknrqbb/pppppppp/8/8/8/8/PPPPPPPP/RNKNRQBB w KQkq - 0 1,15110053,+41,e2e4
bbqrnkrn/pppppppp/8/8/8/8/PPPPPPPP/BBQRNKRN w KQkq - 0 1,6034153,+5,c2c4
bqrbnkrn/pppppppp/8/8/8/8/PPPPPPPP/BQRBNKRN w KQkq - 0 1,10787264,+20,b2b4
bqrnkbrn/pppppppp/8/8/8/8/PPPPPPPP/BQRNKBRN w KQkq - 0 1,11897867,+53,c2c4
bqrnkrnb/pppppppp/8/8/8/8/PPPPPPPP/BQRNKRNB w KQkq - 0 1,3866214,+16,b2b4
qbbrnkrn/pppppppp/8/8/8/8/PPPPPPPP/QBBRNKRN w KQkq - 0 1,5590420,+18,f1g1
qrbbnkrn/pppppppp/8/8/8/8/PPPPPPPP/QRBBNKRN w KQkq - 0 1,3043500,+14,c2c4
qrbnkbrn/pppppppp/8/8/8/8/PPPPPPPP/QRBNKBRN w KQkq - 0 1,14588732,+31,h1g3
qrbnkrnb/pppppppp/8/8/8/8/PPPPPPPP/QRBNKRNB w KQkq - 0 1,6490165,+37,b2b4
qbrnbkrn/pppppppp/8/8/8/8/PPPPPPPP/QBRNBKRN w KQkq - 0 1,7481952,+30,c2c4
qrnbbkrn/pppppppp/8/8/8/8/PPPPPPPP/QRNBBKRN w KQkq - 0 1,11588970,+41,b2b4
qrnkbbrn/pppppppp/8/8/8/8/PPPPPPPP/QRNKBBRN w KQkq - 0 1,11873615,+26,e2e4
qrnkbrnb/pppppppp/8/8/8/8/PPPPPPPP/QRNKBRNB w KQkq - 0 1,7405679,+19,d2d3
qbrnkrbn/pppppppp/8/8/8/8/PPPPPPPP/QBRNKRBN w KQkq - 0 1,17818013,+34,c2c4
qrnbkrbn/pppppppp/8/8/8/8/PPPPPPPP/QRNBKRBN w KQkq - 0 1,12539486,+29,h1g3
qrnkrbbn/pppppppp/8/8/8/8/PPPPPPPP/QRNKRBBN w KQkq - 0 1,10659499,+28,f2f4
qrnkrnbb/pppppppp/8/8/8/8/PPPPPPPP/QRNKRNBB w KQkq - 0 1,13903236,+62,b2b4
bbrqnkrn/pppppppp/8/8/8/8/PPPPPPPP/BBRQNKRN w KQkq - 0 1,7075513,+33,c2c4
brqbnkrn/pppppppp/8/8/8/8/PPPPPPPP/BRQBNKRN w KQkq - 0 1,3783422,+12,f1g1
brqnkbrn/pppppppp/8/8/8/8/PPPPPPPP/BRQNKBRN w KQkq - 0 1,10378162,+28,b2b4
brqnkrnb/pppppppp/8/8/8/8/PPPPPPPP/BRQNKRNB w KQkq - 0 1,11753129,+23,b2b4
rbbqnkrn/pppppppp/8/8/8/8/PPPPPPPP/RBBQNKRN w KQkq - 0 1,8566704,+15,f1g1
rqbbnkrn/pppppppp/8/8/8/8/PPPPPPPP/RQBBNKRN w KQkq - 0 1,5892597,+21,d2d4
rqbnkbrn/pppppppp/8/8/8/8/PPPPPPPP/RQBNKBRN w KQkq - 0 1,14245170,+35,g2g3
rqbnkrnb/pppppppp/8/8/8/8/PPPPPPPP/RQBNKRNB w KQkq - 0 1,5456621,+21,g1f3
rbqnbkrn/pppppppp/8/8/8/8/PPPPPPPP/RBQNBKRN w KQkq - 0 1,7796957,+16,c2c4
rqnbbkrn/pppppppp/8/8/8/8/PPPPPPPP/RQNBBKRN w KQkq - 0 1,6108406,+27,d2d4
rqnkbbrn/pppppppp/8/8/8/8/PPPPPPPP/RQNKBBRN w KQkq - 0 1,9004559,+41,c2c4
rqnkbrnb/pppppppp/8/8/8/8/PPPPPPPP/RQNKBRNB w KQkq - 0 1,5860384,+6,g1f3
rbqnkrbn/pppppppp/8/8/8/8/PPPPPPPP/RBQNKRBN w KQkq - 0 1,16419942,+82,f2f4
rqnbkrbn/pppppppp/8/8/8/8/PPPPPPPP/RQNBKRBN w KQkq - 0 1,7818946,+67,h1g3
rqnkrbbn/pppppppp/8/8/8/8/PPPPPPPP/RQNKRBBN w KQkq - 0 1,8352781,+17,f2f3
rqnkrnbb/pppppppp/8/8/8/8/PPPPPPPP/RQNKRNBB w KQkq - 0 1,10692470,+28,e2e4
bbrnqkrn/pppppppp/8/8/8/8/PPPPPPPP/BBRNQKRN w KQkq - 0 1,5747349,+61,c2c4
brnbqkrn/pppppppp/8/8/8/8/PPPPPPPP/BRNBQKRN w KQkq - 0 1,12090807,+27,b2b4
brnqkbrn/pppppppp/8/8/8/8/PPPPPPPP/BRNQKBRN w KQkq - 0 1,8232057,+38,e2e3
brnqkrnb/pppppppp/8/8/8/8/PPPPPPPP/BRNQKRNB w KQkq - 0 1,7004122,+6,g2g3
rbbnqkrn/pppppppp/8/8/8/8/PPPPPPPP/RBBNQKRN w KQkq - 0 1,8712244,+26,f1g1
rnbbqkrn/pppppppp/8/8/8/8/PPPPPPPP/RNBBQKRN w KQkq - 0 1,12014435,+13,f1g1
rnbqkbrn/pppppppp/8/8/8/8/PPPPPPPP/RNBQKBRN w KQkq - 0 1,6930544,+27,d2d4
rnbqkrnb/pppppppp/8/8/8/8/PPPPPPPP/RNBQKRNB w KQkq - 0 1,10032593,+18,d2d4
rbnqbkrn/pppppppp/8/8/8/8/PPPPPPPP/RBNQBKRN w KQkq - 0 1,6333354,+30,c2c4
rnqbbkrn/pppppppp/8/8/8/8/PPPPPPPP/RNQBBKRN w KQkq - 0 1,6522110,+37,d2d4
rnqkbbrn/pppppppp/8/8/8/8/PPPPPPPP/RNQKBBRN w KQkq - 0 1,19825908,+51,d2d4
rnqkbrnb/pppppppp/8/8/8/8/PPPPPPPP/RNQKBRNB w KQkq - 0 1,5431788,+24,d2d4
rbnqkrbn/pppppppp/8/8/8/8/PPPPPPPP/RBNQKRBN w KQkq - 0 1,10670227,+52,f2f4
rnqbkrbn/pppppppp/8/8/8/8/PPPPPPPP/RNQBKRBN w KQkq - 0 1,13566293,+43,f2f4
rnqkrbbn/pppppppp/8/8/8/8/PPPPPPPP/RNQKRBBN w KQkq - 0 1,17650568,+30,d2d4
rnqkrnbb/pppppppp/8/8/8/8/PPPPPPPP/RNQKRNBB w KQkq - 0 1,9676114,+21,f2f4
bbrnkqrn/pppppppp/8/8/8/8/PPPPPPPP/BBRNKQRN w KQkq - 0 1,10448690,+22,c2c4
brnbkqrn/pppppppp/8/8/8/8/PPPPPPPP/BRNBKQRN w KQkq - 0 1,5300473,+26,f2f4
brnkqbrn/pppppppp/8/8/8/8/PPPPPPPP/BRNKQBRN w KQkq - 0 1,4713938,+30,e2e4
brnkqrnb/pppppppp/8/8/8/8/PPPPPPPP/BRNKQRNB w KQkq - 0 1,11734690,+7,g2g4
rbbnkqrn/pppppppp/8/8/8/8/PPPPPPPP/RBBNKQRN w KQkq - 0 1,10586432,+38,d2d4
rnbbkqrn/pppppppp/8/8/8/8/PPPPPPPP/RNBBKQRN w KQkq - 0 1,7484009,+33,d2d4
rnbkqbrn/pppppppp/8/8/8/8/PPPPPPPP/RNBKQBRN w KQkq - 0 1,6907878,+46,d2d4
rnbkqrnb/pppppppp/8/8/8/8/PPPPPPPP/RNBKQRNB w KQkq - 0 1,9949816,+18,d2d4
rbnkbqrn/pppppppp/8/8/8/8/PPPPPPPP/RBNKBQRN w KQkq - 0 1,12475108,+35,c2c4
rnkbbqrn/pppppppp/8/8/8/8/PPPPPPPP/RNKBBQRN w KQkq - 0 1,5323848,+17,g2g4
rnkqbbrn/pppppppp/8/8/8/8/PPPPPPPP/RNKQBBRN w KQkq - 0 1,11341475,+49,d2d4
rnkqbrnb/pppppppp/8/8/8/8/PPPPPPPP/RNKQBRNB w KQkq - 0 1,13886171,+38,g2g4
rbnkqrbn/pppppppp/8/8/8/8/PPPPPPPP/RBNKQRBN w KQkq - 0 1,14798409,+48,f2f4
rnkbqrbn/pppppppp/8/8/8/8/PPPPPPPP/RNKBQRBN w KQkq - 0 1,12064736,+51,e2e4
rnkqrbbn/pppppppp/8/8/8/8/PPPPPPPP/RNKQRBBN w KQkq - 0 1,13905123,+33,d2d4
rnkqrnbb/pppppppp/8/8/8/8/PPPPPPPP/RNKQRNBB w KQkq - 0 1,9731862,+23,e2e4
bbrnkrqn/pppppppp/8/8/8/8/PPPPPPPP/BBRNKRQN w KQkq - 0 1,5601735,+41,c2c4
brnbkrqn/pppppppp/8/8/8/8/PPPPPPPP/BRNBKRQN w KQkq - 0 1,10593037,+21,g2g4
brnkrbqn/pppppppp/8/8/8/8/PPPPPPPP/BRNKRBQN w KQkq - 0 1,8356714,+25,e2e4
brnkrqnb/pppppppp/8/8/8/8/PPPPPPPP/BRNKRQNB w KQkq - 0 1,10870618,+32,e2e4
rbbnkrqn/pppppppp/8/8/8/8/PPPPPPPP/RBBNKRQN w KQkq - 0 1,5748164,+12,d2d4
rnbbkrqn/pppppppp/8/8/8/8/PPPPPPPP/RNBBKRQN w KQkq - 0 1,11834783,+31,e2e4
rnbkrbqn/pppppppp/8/8/8/8/PPPPPPPP/RNBKRBQN w KQkq - 0 1,5492604,+51,d2d4
rnbkrqnb/pppppppp/8/8/8/8/PPPPPPPP/RNBKRQNB w KQkq - 0 1,11016451,+25,f2f4
rbnkbrqn/pppppppp/8/8/8/8/PPPPPPPP/RBNKBRQN w KQkq - 0 1,14926091,+15,f2f4
rnkbbrqn/pppppppp/8/8/8/8/PPPPPPPP/RNKBBRQN w KQkq - 0 1,12384430,+14,g2g4
rnkrbbqn/pppppppp/8/8/8/8/PPPPPPPP/RNKRBBQN w KQkq - 0 1,11005563,+31,d2d4
rnkrbqnb/pppppppp/8/8/8/8/PPPPPPPP/RNKRBQNB w KQkq - 0 1,14082229,+51,g2g4
rbnkrqbn/pppppppp/8/8/8/8/PPPPPPPP/RBNKRQBN w KQkq - 0 1,5736068,+16,f2f4
rnkbrqbn/pppppppp/8/8/8/8/PPPPPPPP/RNKBRQBN w KQkq - 0 1,6292822,+16,e2e4
rnkrqbbn/pppppppp/8/8/8/8/PPPPPPPP/RNKRQBBN w KQkq - 0 1,10147925,+41,d2d4
rnkrqnbb/pppppppp/8/8/8/8/PPPPPPPP/RNKRQNBB w KQkq - 0 1,10949808,+31,e2e4
bbrnkrnq/pppppppp/8/8/8/8/PPPPPPPP/BBRNKRNQ w KQkq - 0 1,14292696,+26,g2g3
brnbkrnq/pppppppp/8/8/8/8/PPPPPPPP/BRNBKRNQ w KQkq - 0 1,11006721,+21,e2e4
brnkrbnq/pppppppp/8/8/8/8/PPPPPPPP/BRNKRBNQ w KQkq - 0 1,11441437,+41,e2e4
brnkrnqb/pppppppp/8/8/8/8/PPPPPPPP/BRNKRNQB w KQkq - 0 1,4489925,+29,e2e4
rbbnkrnq/pppppppp/8/8/8/8/PPPPPPPP/RBBNKRNQ w KQkq - 0 1,7065086,+23,b2b3
rnbbkrnq/pppppppp/8/8/8/8/PPPPPPPP/RNBBKRNQ w KQkq - 0 1,20258753,+13,e2e3
rnbkrbnq/pppppppp/8/8/8/8/PPPPPPPP/RNBKRBNQ w KQkq - 0 1,5310584,+23,d2d4
rnbkrnqb/pppppppp/8/8/8/8/PPPPPPPP/RNBKRNQB w KQkq - 0 1,12446761,+4,g2g4
rbnkbrnq/pppppppp/8/8/8/8/PPPPPPPP/RBNKBRNQ w KQkq - 0 1,11597405,+28,a2a4
rnkbbrnq/pppppppp/8/8/8/8/PPPPPPPP/RNKBBRNQ w KQkq - 0 1,4594938,+27,f2f4
rnkrbbnq/pppppppp/8/8/8/8/PPPPPPPP/RNKRBBNQ w KQkq - 0 1,11870484,+39,g2g4
rnkrbnqb/pppppppp/8/8/8/8/PPPPPPPP/RNKRBNQB w KQkq - 0 1,9126585,+67,f2f4
rbnkrnbq/pppppppp/8/8/8/8/PPPPPPPP/RBNKRNBQ w KQkq - 0 1,5613861,+13,e2e4
rnkbrnbq/pppppppp/8/8/8/8/PPPPPPPP/RNKBRNBQ w KQkq - 0 1,5414476,+46,e2e4
rnkrnbbq/pppppppp/8/8/8/8/PPPPPPPP/RNKRNBBQ w KQkq - 0 1,8606136,+50,e2e4
rnkrnqbb/pppppppp/8/8/8/8/PPPPPPPP/RNKRNQBB w KQkq - 0 1,12960582,+18,g2g4
bbqrknnr/pppppppp/8/8/8/8/PPPPPPPP/BBQRKNNR w KQkq - 0 1,11223431,+24,c2c4
bqrbknnr/pppppppp/8/8/8/8/PPPPPPPP/BQRBKNNR w KQkq - 0 1,5626666,+12,e2e3
bqrknbnr/pppppppp/8/8/8/8/PPPPPPPP/BQRKNBNR w KQkq - 0 1,12185246,+12,c2c4
bqrknnrb/pppppppp/8/8/8/8/PPPPPPPP/BQRKNNRB w KQkq - 0 1,3886658,+11,g2g3
qbbrknnr/pppppppp/8/8/8/8/PPPPPPPP/QBBRKNNR w KQkq - 0 1,6218543,+36,c2c4
qrbbknnr/pppppppp/8/8/8/8/PPPPPPPP/QRBBKNNR w KQkq - 0 1,3331451,+26,b2b4
qrbknbnr/pppppppp/8/8/8/8/PPPPPPPP/QRBKNBNR w KQkq - 0 1,17070296,+51,e2e4
qrbknnrb/pppppppp/8/8/8/8/PPPPPPPP/QRBKNNRB w KQkq - 0 1,15352881,+41,b2b4
qbrkbnnr/pppppppp/8/8/8/8/PPPPPPPP/QBRKBNNR w KQkq - 0 1,13741512,+53,d2d4
qrkbbnnr/pppppppp/8/8/8/8/PPPPPPPP/QRKBBNNR w KQkq - 0 1,7566981,+63,b2b4
qrknbbnr/pppppppp/8/8/8/8/PPPPPPPP/QRKNBBNR w KQkq - 0 1,9230344,+22,b2b4
qrknbnrb/pppppppp/8/8/8/8/PPPPPPPP/QRKNBNRB w KQkq - 0 1,7326653,+43,b2b4
qbrknnbr/pppppppp/8/8/8/8/PPPPPPPP/QBRKNNBR w KQkq - 0 1,11310379,+36,f2f3
qrkbnnbr/pppppppp/8/8/8/8/PPPPPPPP/QRKBNNBR w KQkq - 0 1,13283825,+44,e2e4
qrknnbbr/pppppppp/8/8/8/8/PPPPPPPP/QRKNNBBR w KQkq - 0 1,5750926,+40,e2e4
qrknnrbb/pppppppp/8/8/8/8/PPPPPPPP/QRKNNRBB w KQkq - 0 1,20058253,+21,f2f4
bbrqknnr/pppppppp/8/8/8/8/PPPPPPPP/BBRQKNNR w KQkq - 0 1,9755544,+32,b2b3
brqbknnr/pppppppp/8/8/8/8/PPPPPPPP/BRQBKNNR w KQkq - 0 1,5439902,+27,b2b4
brqknbnr/pppppppp/8/8/8/8/PPPPPPPP/BRQKNBNR w KQkq - 0 1,13321610,+25,c2c4
brqknnrb/pppppppp/8/8/8/8/PPPPPPPP/BRQKNNRB w KQkq - 0 1,7248702,+29,b2b4
rbbqknnr/pppppppp/8/8/8/8/PPPPPPPP/RBBQKNNR w KQkq - 0 1,5995316,+18,c2c4
rqbbknnr/pppppppp/8/8/8/8/PPPPPPPP/RQBBKNNR w KQkq - 0 1,6955856,+29,e2e4
rqbknbnr/pppppppp/8/8/8/8/PPPPPPPP/RQBKNBNR w KQkq - 0 1,15844032,+46,c2c4
rqbknnrb/pppppppp/8/8/8/8/PPPPPPPP/RQBKNNRB w KQkq - 0 1,8466402,+33,c2c3
rbqkbnnr/pppppppp/8/8/8/8/PPPPPPPP/RBQKBNNR w KQkq - 0 1,7274124,+51,d2d4
rqkbbnnr/pppppppp/8/8/8/8/PPPPPPPP/RQKBBNNR w KQkq - 0 1,12371367,+33,e2e4
rqknbbnr/pppppppp/8/8/8/8/PPPPPPPP/RQKNBBNR w KQkq - 0 1,27689978,+19,g1f3
rqknbnrb/pppppppp/8/8/8/8/PPPPPPPP/RQKNBNRB w KQkq - 0 1,16040012,+31,d2d4
rbqknnbr/pppppppp/8/8/8/8/PPPPPPPP/RBQKNNBR w KQkq - 0 1,8817312,+23,c2c4
rqkbnnbr/pppppppp/8/8/8/8/PPPPPPPP/RQKBNNBR w KQkq - 0 1,13705485,+20,a2a4
rqknnbbr/pppppppp/8/8/8/8/PPPPPPPP/RQKNNBBR w KQkq - 0 1,11193321,+38,c2c3
rqknnrbb/pppppppp/8/8/8/8/PPPPPPPP/RQKNNRBB w KQkq - 0 1,9046008,+20,f2f4
bbrkqnnr/pppppppp/8/8/8/8/PPPPPPPP/BBRKQNNR w KQkq - 0 1,11057596,+39,b2b3
brkbqnnr/pppppppp/8/8/8/8/PPPPPPPP/BRKBQNNR w KQkq - 0 1,9990064,+18,f2f4
brkqnbnr/pppppppp/8/8/8/8/PPPPPPPP/BRKQNBNR w KQkq - 0 1,10509527,+49,b2b4
brkqnnrb/pppppppp/8/8/8/8/PPPPPPPP/BRKQNNRB w KQkq - 0 1,15150994,+31,g2g3
rbbkqnnr/pppppppp/8/8/8/8/PPPPPPPP/RBBKQNNR w KQkq - 0 1,5200852,+32,d2d4
rkbbqnnr/pppppppp/8/8/8/8/PPPPPPPP/RKBBQNNR w KQkq - 0 1,12140677,+19,e2e4
rkbqnbnr/pppppppp/8/8/8/8/PPPPPPPP/RKBQNBNR w KQkq - 0 1,6920057,+48,e2e4
rkbqnnrb/pppppppp/8/8/8/8/PPPPPPPP/RKBQNNRB w KQkq - 0 1,5523953,+39,e2e4
rbkqbnnr/pppppppp/8/8/8/8/PPPPPPPP/RBKQBNNR w KQkq - 0 1,16870878,+40,c2c4
rkqbbnnr/pppppppp/8/8/8/8/PPPPPPPP/RKQBBNNR w KQkq - 0 1,10745833,+16,e2e4
rkqnbbnr/pppppppp/8/8/8/8/PPPPPPPP/RKQNBBNR w KQkq - 0 1,11708228,+30,e2e4
rkqnbnrb/pppppppp/8/8/8/8/PPPPPPPP/RKQNBNRB w KQkq - 0 1,9560946,+35,d2d4
rbkqnnbr/pppppppp/8/8/8/8/PPPPPPPP/RBKQNNBR w KQkq - 0 1,10760020,+20,a2a4
rkqbnnbr/pppppppp/8/8/8/8/PPPPPPPP/RKQBNNBR w KQkq - 0 1,7382506,+26,d2d4
rkqnnbbr/pppppppp/8/8/8/8/PPPPPPPP/RKQNNBBR w KQkq - 0 1,10064692,+53,e2e4
rkqnnrbb/pppppppp/8/8/8/8/PPPPPPPP/RKQNNRBB w KQkq - 0 1,7280261,+14,f2f4
bbrknqnr/pppppppp/8/8/8/8/PPPPPPPP/BBRKNQNR w KQkq - 0 1,8071370,+20,c2c4
brkbnqnr/pppppppp/8/8/8/8/PPPPPPPP/BRKBNQNR w KQkq - 0 1,15383818,+49,e2e4
brknqbnr/pppppppp/8/8/8/8/PPPPPPPP/BRKNQBNR w KQkq - 0 1,9121664,+21,e2e4
brknqnrb/pppppppp/8/8/8/8/PPPPPPPP/BRKNQNRB w KQkq - 0 1,5523561,+21,g2g3
rbbknqnr/pppppppp/8/8/8/8/PPPPPPPP/RBBKNQNR w KQkq - 0 1,11192916,+48,e2e4
rkbbnqnr/pppppppp/8/8/8/8/PPPPPPPP/RKBBNQNR w KQkq - 0 1,7433950,+33,e2e4
rkbnqbnr/pppppppp/8/8/8/8/PPPPPPPP/RKBNQBNR w KQkq - 0 1,10969078,+22,f2f4
rkbnqnrb/pppppppp/8/8/8/8/PPPPPPPP/RKBNQNRB w KQkq - 0 1,5057295,+18,a2a4
rbknbqnr/pppppppp/8/8/8/8/PPPPPPPP/RBKNBQNR w KQkq - 0 1,16313817,+28,d2d4
rknbbqnr/pppppppp/8/8/8/8/PPPPPPPP/RKNBBQNR w KQkq - 0 1,7204520,+42,e2e4
rknqbbnr/pppppppp/8/8/8/8/PPPPPPPP/RKNQBBNR w KQkq - 0 1,11442713,+33,e2e4
rknqbnrb/pppppppp/8/8/8/8/PPPPPPPP/RKNQBNRB w KQkq - 0 1,6087896,+38,a2a4
rbknqnbr/pppppppp/8/8/8/8/PPPPPPPP/RBKNQNBR w KQkq - 0 1,11475311,+44,d2d4
rknbqnbr/pppppppp/8/8/8/8/PPPPPPPP/RKNBQNBR w KQkq - 0 1,5574892,+30,a2a4
rknqnbbr/pppppppp/8/8/8/8/PPPPPPPP/RKNQNBBR w KQkq - 0 1,8993195,+23,e2e4
rknqnrbb/pppppppp/8/8/8/8/PPPPPPPP/RKNQNRBB w KQkq - 0 1,5043320,+27,a2a4
bbrknnqr/pppppppp/8/8/8/8/PPPPPPPP/BBRKNNQR w KQkq - 0 1,9931021,+28,d2d4
brkbnnqr/pppppppp/8/8/8/8/PPPPPPPP/BRKBNNQR w KQkq - 0 1,8745261,+26,e2e4
brknnbqr/pppppppp/8/8/8/8/PPPPPPPP/BRKNNBQR w KQkq - 0 1,5870913,+28,b2b3
brknnqrb/pppppppp/8/8/8/8/PPPPPPPP/BRKNNQRB w KQkq - 0 1,5232473,+21,b2b4
rbbknnqr/pppppppp/8/8/8/8/PPPPPPPP/RBBKNNQR w KQkq - 0 1,12130059,+22,e2e4
rkbbnnqr/pppppppp/8/8/8/8/PPPPPPPP/RKBBNNQR w KQkq - 0 1,7545520,+26,e2e4
rkbnnbqr/pppppppp/8/8/8/8/PPPPPPPP/RKBNNBQR w KQkq - 0 1,5995820,+21,e2e4
rkbnnqrb/pppppppp/8/8/8/8/PPPPPPPP/RKBNNQRB w KQkq - 0 1,8928190,+13,a2a4
rbknbnqr/pppppppp/8/8/8/8/PPPPPPPP/RBKNBNQR w KQkq - 0 1,7761027,+48,d2d4
rknbbnqr/pppppppp/8/8/8/8/PPPPPPPP/RKNBBNQR w KQkq - 0 1,6521766,+20,a2a4
rknnbbqr/pppppppp/8/8/8/8/PPPPPPPP/RKNNBBQR w KQkq - 0 1,10139732,+25,e2e4
rknnbqrb/pppppppp/8/8/8/8/PPPPPPPP/RKNNBQRB w KQkq - 0 1,7401684,+16,a2a4
rbknnqbr/pppppppp/8/8/8/8/PPPPPPPP/RBKNNQBR w KQkq - 0 1,7787547,+26,e2e4
rknbnqbr/pppppppp/8/8/8/8/PPPPPPPP/RKNBNQBR w KQkq - 0 1,8806718,+62,e2e4
rknnqbbr/pppppppp/8/8/8/8/PPPPPPPP/RKNNQBBR w KQkq - 0 1,7007687,+32,d2d4
rknnqrbb/pppppppp/8/8/8/8/PPPPPPPP/RKNNQRBB w KQkq - 0 1,6366689,+8,a2a4
bbrknnrq/pppppppp/8/8/8/8/PPPPPPPP/BBRKNNRQ w KQkq - 0 1,9265730,+72,g2g4
brkbnnrq/pppppppp/8/8/8/8/PPPPPPPP/BRKBNNRQ w KQkq - 0 1,9738860,+26,f2f4
brknnbrq/pppppppp/8/8/8/8/PPPPPPPP/BRKNNBRQ w KQkq - 0 1,13860722,+21,g2g4
brknnrqb/pppppppp/8/8/8/8/PPPPPPPP/BRKNNRQB w KQkq - 0 1,9566299,+17,g2g3
rbbknnrq/pppppppp/8/8/8/8/PPPPPPPP/RBBKNNRQ w KQkq - 0 1,5987369,+39,c2c3
rkbbnnrq/pppppppp/8/8/8/8/PPPPPPPP/RKBBNNRQ w KQkq - 0 1,7330263,+30,f2f4
rkbnnbrq/pppppppp/8/8/8/8/PPPPPPPP/RKBNNBRQ w KQkq - 0 1,9088040,+39,a2a4
rkbnnrqb/pppppppp/8/8/8/8/PPPPPPPP/RKBNNRQB w KQkq - 0 1,9661028,+18,g2g4
rbknbnrq/pppppppp/8/8/8/8/PPPPPPPP/RBKNBNRQ w KQkq - 0 1,13495032,+62,d2d4
rknbbnrq/pppppppp/8/8/8/8/PPPPPPPP/RKNBBNRQ w KQkq - 0 1,7181551,+27,f2f4
rknnbbrq/pppppppp/8/8/8/8/PPPPPPPP/RKNNBBRQ w KQkq - 0 1,8964763,+28,a2a4
rknnbrqb/pppppppp/8/8/8/8/PPPPPPPP/RKNNBRQB w KQkq - 0 1,10310052,+16,a2a4
rbknnrbq/pppppppp/8/8/8/8/PPPPPPPP/RBKNNRBQ w KQkq - 0 1,4923735,+37,a2a4
rknbnrbq/pppppppp/8/8/8/8/PPPPPPPP/RKNBNRBQ w KQkq - 0 1,14645341,+45,c1d3
rknnrbbq/pppppppp/8/8/8/8/PPPPPPPP/RKNNRBBQ w KQkq - 0 1,8752313,+56,e2e4
rknnrqbb/pppppppp/8/8/8/8/PPPPPPPP/RKNNRQBB w KQkq - 0 1,7958797,+29,f2f4
bbqrknrn/pppppppp/8/8/8/8/PPPPPPPP/BBQRKNRN w KQkq - 0 1,10142183,+45,d2d4
bqrbknrn/pppppppp/8/8/8/8/PPPPPPPP/BQRBKNRN w KQkq - 0 1,9686861,+49,c2c4
bqrknbrn/pppppppp/8/8/8/8/PPPPPPPP/BQRKNBRN w KQkq - 0 1,10527571,+32,c2c4
bqrknrnb/pppppppp/8/8/8/8/PPPPPPPP/BQRKNRNB w KQkq - 0 1,11693345,+20,b2b4
qbbrknrn/pppppppp/8/8/8/8/PPPPPPPP/QBBRKNRN w KQkq - 0 1,11461025,+52,d2d4
qrbbknrn/pppppppp/8/8/8/8/PPPPPPPP/QRBBKNRN w KQkq - 0 1,20925591,+25,b2b4
qrbknbrn/pppppppp/8/8/8/8/PPPPPPPP/QRBKNBRN w KQkq - 0 1,20995118,+21,h1g3
qrbknrnb/pppppppp/8/8/8/8/PPPPPPPP/QRBKNRNB w KQkq - 0 1,12877234,+40,b2b4
qbrkbnrn/pppppppp/8/8/8/8/PPPPPPPP/QBRKBNRN w KQkq - 0 1,9867371,+61,d2d4
qrkbbnrn/pppppppp/8/8/8/8/PPPPPPPP/QRKBBNRN w KQkq - 0 1,10371786,+47,b2b4
qrknbbrn/pppppppp/8/8/8/8/PPPPPPPP/QRKNBBRN w KQkq - 0 1,12625997,+61,b2b4
qrknbrnb/pppppppp/8/8/8/8/PPPPPPPP/QRKNBRNB w KQkq - 0 1,9146227,+46,b2b4
qbrknrbn/pppppppp/8/8/8/8/PPPPPPPP/QBRKNRBN w KQkq - 0 1,9416077,+28,c2c4
qrkbnrbn/pppppppp/8/8/8/8/PPPPPPPP/QRKBNRBN w KQkq - 0 1,9650691,+36,e2e4
qrknrbbn/pppppppp/8/8/8/8/PPPPPPPP/QRKNRBBN w KQkq - 0 1,2576523,+17,e2e4
qrknrnbb/pppppppp/8/8/8/8/PPPPPPPP/QRKNRNBB w KQkq - 0 1,14443362,+70,b2b4
bbrqknrn/pppppppp/8/8/8/8/PPPPPPPP/BBRQKNRN w KQkq - 0 1,8609410,+51,c2c4
brqbknrn/pppppppp/8/8/8/8/PPPPPPPP/BRQBKNRN w KQkq - 0 1,11215738,+27,b2b4
brqknbrn/pppppppp/8/8/8/8/PPPPPPPP/BRQKNBRN w KQkq - 0 1,10374038,+22,c2c4
brqknrnb/pppppppp/8/8/8/8/PPPPPPPP/BRQKNRNB w KQkq - 0 1,8888353,+28,b2b4
rbbqknrn/pppppppp/8/8/8/8/PPPPPPPP/RBBQKNRN w KQkq - 0 1,10147297,+21,f1g3
rqbbknrn/pppppppp/8/8/8/8/PPPPPPPP/RQBBKNRN w KQkq - 0 1,12350356,+37,f1g3
rqbknbrn/pppppppp/8/8/8/8/PPPPPPPP/RQBKNBRN w KQkq - 0 1,22156013,+35,d2d4
rqbknrnb/pppppppp/8/8/8/8/PPPPPPPP/RQBKNRNB w KQkq - 0 1,15679341,+26,c2c3
rbqkbnrn/pppppppp/8/8/8/8/PPPPPPPP/RBQKBNRN w KQkq - 0 1,11631192,+49,d2d4
rqkbbnrn/pppppppp/8/8/8/8/PPPPPPPP/RQKBBNRN w KQkq - 0 1,15062335,+55,d2d4
rqknbbrn/pppppppp/8/8/8/8/PPPPPPPP/RQKNBBRN w KQkq - 0 1,10859529,+78,f2f4
rqknbrnb/pppppppp/8/8/8/8/PPPPPPPP/RQKNBRNB w KQkq - 0 1,8826994,+25,a2a4
rbqknrbn/pppppppp/8/8/8/8/PPPPPPPP/RBQKNRBN w KQkq - 0 1,12265075,+9,c2c4
rqkbnrbn/pppppppp/8/8/8/8/PPPPPPPP/RQKBNRBN w KQkq - 0 1,12331417,+20,f2f4
rqknrbbn/pppppppp/8/8/8/8/PPPPPPPP/RQKNRBBN w KQkq - 0 1,10931121,+38,e2e4
rqknrnbb/pppppppp/8/8/8/8/PPPPPPPP/RQKNRNBB w KQkq - 0 1,10677295,+57,e2e4
bbrkqnrn/pppppppp/8/8/8/8/PPPPPPPP/BBRKQNRN w KQkq - 0 1,11978511,+43,d2d4
brkbqnrn/pppppppp/8/8/8/8/PPPPPPPP/BRKBQNRN w KQkq - 0 1,13864174,+31,f2f4
brkqnbrn/pppppppp/8/8/8/8/PPPPPPPP/BRKQNBRN w KQkq - 0 1,16553079,+20,c2c4
brkqnrnb/pppppppp/8/8/8/8/PPPPPPPP/BRKQNRNB w KQkq - 0 1,17853946,+23,b2b4
rbbkqnrn/pppppppp/8/8/8/8/PPPPPPPP/RBBKQNRN w KQkq - 0 1,9984346,+24,d2d4
rkbbqnrn/pppppppp/8/8/8/8/PPPPPPPP/RKBBQNRN w KQkq - 0 1,5670367,+31,d2d4
rkbqnbrn/pppppppp/8/8/8/8/PPPPPPPP/RKBQNBRN w KQkq - 0 1,11540497,+20,a2a4
rkbqnrnb/pppppppp/8/8/8/8/PPPPPPPP/RKBQNRNB w KQkq - 0 1,6598615,+51,a2a4
rbkqbnrn/pppppppp/8/8/8/8/PPPPPPPP/RBKQBNRN w KQkq - 0 1,16985363,+46,c2c4
rkqbbnrn/pppppppp/8/8/8/8/PPPPPPPP/RKQBBNRN w KQkq - 0 1,6845433,+33,d2d4
rkqnbbrn/pppppppp/8/8/8/8/PPPPPPPP/RKQNBBRN w KQkq - 0 1,7346553,+30,d2d4
rkqnbrnb/pppppppp/8/8/8/8/PPPPPPPP/RKQNBRNB w KQkq - 0 1,8439089,+32,a2a4
rbkqnrbn/pppppppp/8/8/8/8/PPPPPPPP/RBKQNRBN w KQkq - 0 1,10285830,+18,a2a4
rkqbnrbn/pppppppp/8/8/8/8/PPPPPPPP/RKQBNRBN w KQkq - 0 1,6021306,+33,e2e4
rkqnrbbn/pppppppp/8/8/8/8/PPPPPPPP/RKQNRBBN w KQkq - 0 1,12548015,+44,d2d4
rkqnrnbb/pppppppp/8/8/8/8/PPPPPPPP/RKQNRNBB w KQkq - 0 1,9153874,+38,a2a4
bbrknqrn/pppppppp/8/8/8/8/PPPPPPPP/BBRKNQRN w KQkq - 0 1,5781959,+34,c2c4
brkbnqrn/pppppppp/8/8/8/8/PPPPPPPP/BRKBNQRN w KQkq - 0 1,8610838,+21,f2f4
brknqbrn/pppppppp/8/8/8/8/PPPPPPPP/BRKNQBRN w KQkq - 0 1,11067710,+25,e2e4
brknqrnb/pppppppp/8/8/8/8/PPPPPPPP/BRKNQRNB w KQkq - 0 1,9929433,+19,e2e4
rbbknqrn/pppppppp/8/8/8/8/PPPPPPPP/RBBKNQRN w KQkq - 0 1,5923571,+35,c2c3
rkbbnqrn/pppppppp/8/8/8/8/PPPPPPPP/RKBBNQRN w KQkq - 0 1,6910728,+41,e2e4
rkbnqbrn/pppppppp/8/8/8/8/PPPPPPPP/RKBNQBRN w KQkq - 0 1,7422650,+15,d2d4
rkbnqrnb/pppppppp/8/8/8/8/PPPPPPPP/RKBNQRNB w KQkq - 0 1,5868878,+39,a2a4
rbknbqrn/pppppppp/8/8/8/8/PPPPPPPP/RBKNBQRN w KQkq - 0 1,10699842,+48,f2f4
rknbbqrn/pppppppp/8/8/8/8/PPPPPPPP/RKNBBQRN w KQkq - 0 1,6733549,+22,a2a4
rknqbbrn/pppppppp/8/8/8/8/PPPPPPPP/RKNQBBRN w KQkq - 0 1,6659475,+11,a2a4
rknqbrnb/pppppppp/8/8/8/8/PPPPPPPP/RKNQBRNB w KQkq - 0 1,9848507,+21,a2a4
rbknqrbn/pppppppp/8/8/8/8/PPPPPPPP/RBKNQRBN w KQkq - 0 1,12770246,+47,e2e4
rknbqrbn/pppppppp/8/8/8/8/PPPPPPPP/RKNBQRBN w KQkq - 0 1,15621852,+20,a2a4
rknqrbbn/pppppppp/8/8/8/8/PPPPPPPP/RKNQRBBN w KQkq - 0 1,6974956,+42,e2e4
rknqrnbb/pppppppp/8/8/8/8/PPPPPPPP/RKNQRNBB w KQkq - 0 1,5600535,+34,a2a4
bbrknrqn/pppppppp/8/8/8/8/PPPPPPPP/BBRKNRQN w KQkq - 0 1,6978480,+26,c2c4
brkbnrqn/pppppppp/8/8/8/8/PPPPPPPP/BRKBNRQN w KQkq - 0 1,11140633,+14,g2g4
brknrbqn/pppppppp/8/8/8/8/PPPPPPPP/BRKNRBQN w KQkq - 0 1,10451456,+21,f2f4
brknrqnb/pppppppp/8/8/8/8/PPPPPPPP/BRKNRQNB w KQkq - 0 1,9857943,+28,e2e4
rbbknrqn/pppppppp/8/8/8/8/PPPPPPPP/RBBKNRQN w KQkq - 0 1,4383447,+26,f2f4
rkbbnrqn/pppppppp/8/8/8/8/PPPPPPPP/RKBBNRQN w KQkq - 0 1,5821184,+27,d2d4
rkbnrbqn/pppppppp/8/8/8/8/PPPPPPPP/RKBNRBQN w KQkq - 0 1,12741949,+46,d2d4
rkbnrqnb/pppppppp/8/8/8/8/PPPPPPPP/RKBNRQNB w KQkq - 0 1,9562419,+51,a2a4
rbknbrqn/pppppppp/8/8/8/8/PPPPPPPP/RBKNBRQN w KQkq - 0 1,11605268,+27,f2f4
rknbbrqn/pppppppp/8/8/8/8/PPPPPPPP/RKNBBRQN w KQkq - 0 1,8510600,+34,a2a4
rknrbbqn/pppppppp/8/8/8/8/PPPPPPPP/RKNRBBQN w KQkq - 0 1,4743435,+32,a2a4
rknrbqnb/pppppppp/8/8/8/8/PPPPPPPP/RKNRBQNB w KQkq - 0 1,6356489,+31,a2a4
rbknrqbn/pppppppp/8/8/8/8/PPPPPPPP/RBKNRQBN w KQkq - 0 1,7387064,+26,e2e4
rknbrqbn/pppppppp/8/8/8/8/PPPPPPPP/RKNBRQBN w KQkq - 0 1,10103334,+48,f2f4
rknrqbbn/pppppppp/8/8/8/8/PPPPPPPP/RKNRQBBN w KQkq - 0 1,8088839,+30,d2d4
rknrqnbb/pppppppp/8/8/8/8/PPPPPPPP/RKNRQNBB w KQkq - 0 1,6417375,+27,a2a4
bbrknrnq/pppppppp/8/8/8/8/PPPPPPPP/BBRKNRNQ w KQkq - 0 1,7095414,+62,g2g4
brkbnrnq/pppppppp/8/8/8/8/PPPPPPPP/BRKBNRNQ w KQkq - 0 1,14640883,+36,e2e4
brknrbnq/pppppppp/8/8/8/8/PPPPPPPP/BRKNRBNQ w KQkq - 0 1,10460543,+35,e2e4
brknrnqb/pppppppp/8/8/8/8/PPPPPPPP/BRKNRNQB w KQkq - 0 1,14291662,+44,e2e4
rbbknrnq/pppppppp/8/8/8/8/PPPPPPPP/RBBKNRNQ w KQkq - 0 1,9485239,+37,e2e4
rkbbnrnq/pppppppp/8/8/8/8/PPPPPPPP/RKBBNRNQ w KQkq - 0 1,10156823,+22,e2e4
rkbnrbnq/pppppppp/8/8/8/8/PPPPPPPP/RKBNRBNQ w KQkq - 0 1,13542306,+19,f2f4
rkbnrnqb/pppppppp/8/8/8/8/PPPPPPPP/RKBNRNQB w KQkq - 0 1,5416048,+27,a2a4
rbknbrnq/pppppppp/8/8/8/8/PPPPPPPP/RBKNBRNQ w KQkq - 0 1,9787705,+12,a2a4
rknbbrnq/pppppppp/8/8/8/8/PPPPPPPP/RKNBBRNQ w KQkq - 0 1,16557595,+20,a2a4
rknrbbnq/pppppppp/8/8/8/8/PPPPPPPP/RKNRBBNQ w KQkq - 0 1,11014498,+46,e2e4
rknrbnqb/pppppppp/8/8/8/8/PPPPPPPP/RKNRBNQB w KQkq - 0 1,13684293,+27,a2a4
rbknrnbq/pppppppp/8/8/8/8/PPPPPPPP/RBKNRNBQ w KQkq - 0 1,8462830,+29,a2a4
rknbrnbq/pppppppp/8/8/8/8/PPPPPPPP/RKNBRNBQ w KQkq - 0 1,5929606,+36,a2a4
rknrnbbq/pppppppp/8/8/8/8/PPPPPPPP/RKNRNBBQ w KQkq - 0 1,7787116,+28,a2a4
rknrnqbb/pppppppp/8/8/8/8/PPPPPPPP/RKNRNQBB w KQkq - 0 1,8282123,+37,a2a4
bbqrkrnn/pppppppp/8/8/8/8/PPPPPPPP/BBQRKRNN w KQkq - 0 1,6359428,+51,b2b3
bqrbkrnn/pppppppp/8/8/8/8/PPPPPPPP/BQRBKRNN w KQkq - 0 1,8123369,+22,b2b4
bqrkrbnn/pppppppp/8/8/8/8/PPPPPPPP/BQRKRBNN w KQkq - 0 1,9460084,+31,h1g3
bqrkrnnb/pppppppp/8/8/8/8/PPPPPPPP/BQRKRNNB w KQkq - 0 1,12869827,+34,b2b3
qbbrkrnn/pppppppp/8/8/8/8/PPPPPPPP/QBBRKRNN w KQkq - 0 1,12345734,+77,h1g3
qrbbkrnn/pppppppp/8/8/8/8/PPPPPPPP/QRBBKRNN w KQkq - 0 1,4555886,+26,b2b4
qrbkrbnn/pppppppp/8/8/8/8/PPPPPPPP/QRBKRBNN w KQkq - 0 1,9686204,+37,e2e4
qrbkrnnb/pppppppp/8/8/8/8/PPPPPPPP/QRBKRNNB w KQkq - 0 1,11282351,+26,b2b4
qbrkbrnn/pppppppp/8/8/8/8/PPPPPPPP/QBRKBRNN w KQkq - 0 1,18064525,+37,b2b3
qrkbbrnn/pppppppp/8/8/8/8/PPPPPPPP/QRKBBRNN w KQkq - 0 1,18917492,+38,e2e4
qrkrbbnn/pppppppp/8/8/8/8/PPPPPPPP/QRKRBBNN w KQkq - 0 1,6806486,+21,b2b4
qrkrbnnb/pppppppp/8/8/8/8/PPPPPPPP/QRKRBNNB w KQkq - 0 1,16687950,+48,b2b4
qbrkrnbn/pppppppp/8/8/8/8/PPPPPPPP/QBRKRNBN w KQkq - 0 1,9729594,+40,f2f3
qrkbrnbn/pppppppp/8/8/8/8/PPPPPPPP/QRKBRNBN w KQkq - 0 1,5562865,+36,e2e4
qrkrnbbn/pppppppp/8/8/8/8/PPPPPPPP/QRKRNBBN w KQkq - 0 1,13901085,+36,d2d4
qrkrnnbb/pppppppp/8/8/8/8/PPPPPPPP/QRKRNNBB w KQkq - 0 1,23093969,+75,b2b4
bbrqkrnn/pppppppp/8/8/8/8/PPPPPPPP/BBRQKRNN w KQkq - 0 1,8836350,+76,b2b3
brqbkrnn/pppppppp/8/8/8/8/PPPPPPPP/BRQBKRNN w KQkq - 0 1,11884668,+21,h1g3
brqkrbnn/pppppppp/8/8/8/8/PPPPPPPP/BRQKRBNN w KQkq - 0 1,22645984,+48,e2e4
brqkrnnb/pppppppp/8/8/8/8/PPPPPPPP/BRQKRNNB w KQkq - 0 1,9921824,+35,b2b4
rbbqkrnn/pppppppp/8/8/8/8/PPPPPPPP/RBBQKRNN w KQkq - 0 1,10437917,+19,f2f4
rqbbkrnn/pppppppp/8/8/8/8/PPPPPPPP/RQBBKRNN w KQkq - 0 1,6340273,+27,e2e4
rqbkrbnn/pppppppp/8/8/8/8/PPPPPPPP/RQBKRBNN w KQkq - 0 1,14031854,+55,c2c3
rqbkrnnb/pppppppp/8/8/8/8/PPPPPPPP/RQBKRNNB w KQkq - 0 1,6006822,+35,e2e4
rbqkbrnn/pppppppp/8/8/8/8/PPPPPPPP/RBQKBRNN w KQkq - 0 1,18026966,+23,c2c4
rqkbbrnn/pppppppp/8/8/8/8/PPPPPPPP/RQKBBRNN w KQkq - 0 1,7586532,+26,g2g4
rqkrbbnn/pppppppp/8/8/8/8/PPPPPPPP/RQKRBBNN w KQkq - 0 1,16242296,+17,c2c4
rqkrbnnb/pppppppp/8/8/8/8/PPPPPPPP/RQKRBNNB w KQkq - 0 1,9058468,+38,d2d4
rbqkrnbn/pppppppp/8/8/8/8/PPPPPPPP/RBQKRNBN w KQkq - 0 1,11027215,+29,h1g3
rqkbrnbn/pppppppp/8/8/8/8/PPPPPPPP/RQKBRNBN w KQkq - 0 1,6213114,+47,h1g3
rqkrnbbn/pppppppp/8/8/8/8/PPPPPPPP/RQKRNBBN w KQkq - 0 1,5749618,+21,a2a4
rqkrnnbb/pppppppp/8/8/8/8/PPPPPPPP/RQKRNNBB w KQkq - 0 1,12138872,+47,c2c3
bbrkqrnn/pppppppp/8/8/8/8/PPPPPPPP/BBRKQRNN w KQkq - 0 1,12243634,+24,b2b3
brkbqrnn/pppppppp/8/8/8/8/PPPPPPPP/BRKBQRNN w KQkq - 0 1,7432042,+47,b2b4
brkqrbnn/pppppppp/8/8/8/8/PPPPPPPP/BRKQRBNN w KQkq - 0 1,7797125,+47,e2e4
brkqrnnb/pppppppp/8/8/8/8/PPPPPPPP/BRKQRNNB w KQkq - 0 1,6849995,+25,b2b4
rbbkqrnn/pppppppp/8/8/8/8/PPPPPPPP/RBBKQRNN w KQkq - 0 1,13680929,+28,c2c4
rkbbqrnn/pppppppp/8/8/8/8/PPPPPPPP/RKBBQRNN w KQkq - 0 1,7468408,+30,e2e4
rkbqrbnn/pppppppp/8/8/8/8/PPPPPPPP/RKBQRBNN w KQkq - 0 1,10388632,+30,f2f4
rkbqrnnb/pppppppp/8/8/8/8/PPPPPPPP/RKBQRNNB w KQkq - 0 1,7410593,+52,d2d4
rbkqbrnn/pppppppp/8/8/8/8/PPPPPPPP/RBKQBRNN w KQkq - 0 1,14895302,+41,f2f4
rkqbbrnn/pppppppp/8/8/8/8/PPPPPPPP/RKQBBRNN w KQkq - 0 1,9287950,+29,e2e4
rkqrbbnn/pppppppp/8/8/8/8/PPPPPPPP/RKQRBBNN w KQkq - 0 1,13085382,+21,e2e4
rkqrbnnb/pppppppp/8/8/8/8/PPPPPPPP/RKQRBNNB w KQkq - 0 1,14994475,+24,a2a4
rbkqrnbn/pppppppp/8/8/8/8/PPPPPPPP/RBKQRNBN w KQkq - 0 1,16773700,+25,a2a4
rkqbrnbn/pppppppp/8/8/8/8/PPPPPPPP/RKQBRNBN w KQkq - 0 1,17595305,+48,f2f4
rkqrnbbn/pppppppp/8/8/8/8/PPPPPPPP/RKQRNBBN w KQkq - 0 1,6991333,+25,e2e4
rkqrnnbb/pppppppp/8/8/8/8/PPPPPPPP/RKQRNNBB w KQkq - 0 1,8230847,+34,a2a4
bbrkrqnn/pppppppp/8/8/8/8/PPPPPPPP/BBRKRQNN w KQkq - 0 1,5527904,+18,c2c4
brkbrqnn/pppppppp/8/8/8/8/PPPPPPPP/BRKBRQNN w KQkq - 0 1,8632744,+14,e2e4
brkrqbnn/pppppppp/8/8/8/8/PPPPPPPP/BRKRQBNN w KQkq - 0 1,13120232,+24,b2b3
brkrqnnb/pppppppp/8/8/8/8/PPPPPPPP/BRKRQNNB w KQkq - 0 1,4823121,+29,e2e4
rbbkrqnn/pppppppp/8/8/8/8/PPPPPPPP/RBBKRQNN w KQkq - 0 1,10227174,+35,e2e4
rkbbrqnn/pppppppp/8/8/8/8/PPPPPPPP/RKBBRQNN w KQkq - 0 1,6443880,+50,e2e4
rkbrqbnn/pppppppp/8/8/8/8/PPPPPPPP/RKBRQBNN w KQkq - 0 1,6172577,+24,d2d4
rkbrqnnb/pppppppp/8/8/8/8/PPPPPPPP/RKBRQNNB w KQkq - 0 1,6544406,+14,d2d4
rbkrbqnn/pppppppp/8/8/8/8/PPPPPPPP/RBKRBQNN w KQkq - 0 1,13969611,+32,a2a4
rkrbbqnn/pppppppp/8/8/8/8/PPPPPPPP/RKRBBQNN w KQkq - 0 1,5613852,+29,a2a4
rkrqbbnn/pppppppp/8/8/8/8/PPPPPPPP/RKRQBBNN w KQkq - 0 1,10680778,+14,c2c4
rkrqbnnb/pppppppp/8/8/8/8/PPPPPPPP/RKRQBNNB w KQkq - 0 1,8090996,+35,a2a4
rbkrqnbn/pppppppp/8/8/8/8/PPPPPPPP/RBKRQNBN w KQkq - 0 1,11818501,+37,d2d4
rkrbqnbn/pppppppp/8/8/8/8/PPPPPPPP/RKRBQNBN w KQkq - 0 1,9604709,+20,f2f4
rkrqnbbn/pppppppp/8/8/8/8/PPPPPPPP/RKRQNBBN w KQkq - 0 1,6336585,+26,d2d4
rkrqnnbb/pppppppp/8/8/8/8/PPPPPPPP/RKRQNNBB w KQkq - 0 1,8552789,+44,a2a4
bbrkrnqn/pppppppp/8/8/8/8/PPPPPPPP/BBRKRNQN w KQkq - 0 1,14590539,+22,c2c4
brkbrnqn/pppppppp/8/8/8/8/PPPPPPPP/BRKBRNQN w KQkq - 0 1,10748930,+24,f2f3
brkrnbqn/pppppppp/8/8/8/8/PPPPPPPP/BRKRNBQN w KQkq - 0 1,7448224,+26,e2e4
brkrnqnb/pppppppp/8/8/8/8/PPPPPPPP/BRKRNQNB w KQkq - 0 1,13192966,+18,g2g4
rbbkrnqn/pppppppp/8/8/8/8/PPPPPPPP/RBBKRNQN w KQkq - 0 1,6833866,+26,e2e4
rkbbrnqn/pppppppp/8/8/8/8/PPPPPPPP/RKBBRNQN w KQkq - 0 1,7286646,+50,f2f4
rkbrnbqn/pppppppp/8/8/8/8/PPPPPPPP/RKBRNBQN w KQkq - 0 1,8409706,+51,a2a4
rkbrnqnb/pppppppp/8/8/8/8/PPPPPPPP/RKBRNQNB w KQkq - 0 1,12241476,+75,e2e4
rbkrbnqn/pppppppp/8/8/8/8/PPPPPPPP/RBKRBNQN w KQkq - 0 1,20393372,+33,e2e4
rkrbbnqn/pppppppp/8/8/8/8/PPPPPPPP/RKRBBNQN w KQkq - 0 1,9281364,+31,a2a4
rkrnbbqn/pppppppp/8/8/8/8/PPPPPPPP/RKRNBBQN w KQkq - 0 1,8813516,+32,d2d4
rkrnbqnb/pppppppp/8/8/8/8/PPPPPPPP/RKRNBQNB w KQkq - 0 1,5248522,+9,a2a4
rbkrnqbn/pppppppp/8/8/8/8/PPPPPPPP/RBKRNQBN w KQkq - 0 1,9641858,+19,a2a4
rkrbnqbn/pppppppp/8/8/8/8/PPPPPPPP/RKRBNQBN w KQkq - 0 1,7338458,+58,e2e4
rkrnqbbn/pppppppp/8/8/8/8/PPPPPPPP/RKRNQBBN w KQkq - 0 1,6069139,+23,e2e4
rkrnqnbb/pppppppp/8/8/8/8/PPPPPPPP/RKRNQNBB w KQkq - 0 1,10421947,+38,a2a4
bbrkrnnq/pppppppp/8/8/8/8/PPPPPPPP/BBRKRNNQ w KQkq - 0 1,10255729,+71,g2g3
brkbrnnq/pppppppp/8/8/8/8/PPPPPPPP/BRKBRNNQ w KQkq - 0 1,10649406,+43,f2f4
brkrnbnq/pppppppp/8/8/8/8/PPPPPPPP/BRKRNBNQ w KQkq - 0 1,13829586,+28,b2b4
brkrnnqb/pppppppp/8/8/8/8/PPPPPPPP/BRKRNNQB w KQkq - 0 1,9863031,+34,g2g3
rbbkrnnq/pppppppp/8/8/8/8/PPPPPPPP/RBBKRNNQ w KQkq - 0 1,12787903,+30,g2g3
rkbbrnnq/pppppppp/8/8/8/8/PPPPPPPP/RKBBRNNQ w KQkq - 0 1,7524125,+36,f2f4
rkbrnbnq/pppppppp/8/8/8/8/PPPPPPPP/RKBRNBNQ w KQkq - 0 1,6588604,+42,e2e4
rkbrnnqb/pppppppp/8/8/8/8/PPPPPPPP/RKBRNNQB w KQkq - 0 1,8342361,+28,a2a4
rbkrbnnq/pppppppp/8/8/8/8/PPPPPPPP/RBKRBNNQ w KQkq - 0 1,5314627,+47,d2d4
rkrbbnnq/pppppppp/8/8/8/8/PPPPPPPP/RKRBBNNQ w KQkq - 0 1,9157433,+22,e2e4
rkrnbbnq/pppppppp/8/8/8/8/PPPPPPPP/RKRNBBNQ w KQkq - 0 1,9891185,+30,a2a4
rkrnbnqb/pppppppp/8/8/8/8/PPPPPPPP/RKRNBNQB w KQkq - 0 1,6104859,+21,a2a4
rbkrnnbq/pppppppp/8/8/8/8/PPPPPPPP/RBKRNNBQ w KQkq - 0 1,12758244,+27,f2f4
rkrbnnbq/pppppppp/8/8/8/8/PPPPPPPP/RKRBNNBQ w KQkq - 0 1,7218444,+46,a2a4
rkrnnbbq/pppppppp/8/8/8/8/PPPPPPPP/RKRNNBBQ w KQkq - 0 1,9344541,+34,e2e4
rkrnnqbb/pppppppp/8/8/8/8/PPPPPPPP/RKRNNQBB w KQkq - 0 1,6229486,+17,f2f4
